,,,,,,,,,Web ,
S.NO,API' INFO,base_api,API,METHOD,REQUEST,RESPONSE,TOKEN_REQURIED ,POSTMAN_PAGE,Web implementation Done (YES /NO),App implementation Done (YES / No)
,,,,,,,,,,
,,,,,,GUEST PAGE (NO LOGIN),,,,
,,,,,,,,,,
1,for lift posts in homepage no login,,/api/list-premium-posts,GET,,"{
    ""status"": true,
    ""message"": ""Premium post lists"",
    ""data"": [
        {
            ""id"": 71,
            ""user_id"": 37946,
            ""title"": ""nature"",
            ""content"": ""nature"",
            ""media_url"": ""https://theadtip.in/images/scaled_1000060069.jpg"",
            ""media_type"": ""image"",
            ""is_promoted"": 1,
            ""video_category_id"": 9,
            ""user_name"": ""Praveen"",
            ""user_profile_image"": null,
            ""address"": null,
            ""category_name"": ""art & design"",
            ""premium_plan_id"": 3,
            ""post_promotion_id"": 7,
            ""target_min_age"": 20,
            ""target_max_age"": 43,
            ""reach_goal"": 25,
            ""duration_days"": 3,
            ""pay_per_view"": ""0.20"",
            ""total_pay"": ""18.00"",
            ""platform_fee"": ""3.00"",
            ""likeCount"": 2482,
            ""commentCount"": 11
        },
        {
            ""id"": 40,
            ""user_id"": 37946,
            ""title"": ""nature"",
            ""content"": ""nature"",
            ""media_url"": ""https://theadtip.in/images/scaled_1000060069.jpg"",
            ""media_type"": ""image"",
            ""is_promoted"": 1,
            ""video_category_id"": 9,
            ""user_name"": ""Praveen"",
            ""user_profile_image"": null,
            ""address"": null,
            ""category_name"": ""art & design"",
            ""premium_plan_id"": 3,
            ""post_promotion_id"": 3,
            ""target_min_age"": 20,
            ""target_max_age"": 43,
            ""reach_goal"": 25,
            ""duration_days"": 3,
            ""pay_per_view"": ""0.20"",
            ""total_pay"": ""18.00"",
            ""platform_fee"": ""3.00"",
            ""likeCount"": 3586,
            ""commentCount"": 31
        },
        {",no,"23.media, getdetails,follow,list_post",,
,,,,,,,,,,
2,for tip tub api no lgin,/getpublicvideos/:categoryid/:offset,/getpublicvideos/0/2,GET,,"{
    ""status"": 200,
    ""message"": ""Videos fetched successfully."",
    ""data"": [
        {
            ""id"": 4638,
            ""name"": ""hi"",
            ""is_shot"": 0,
            ""category_id"": 6,
            ""video_channel"": 38,
            ""video_link"": ""https://theadtip.in/videos/1000059662.mp4"",
            ""video_Thumbnail"": ""undefined"",
            ""qr_code_image"": ""user_4638_qrcode.png"",
            ""video_desciption"": ""undefined"",
            ""total_views"": 5,
            ""total_likes"": -4,
            ""is_active"": 1,
            ""createdby"": 4586,
            ""updatedby"": null,
            ""createddate"": ""2025-05-05T09:06:54.000Z"",
            ""updateddate"": null,
            ""play_duration"": ""undefined"",
            ""is_paid_promotional"": 0,
            ""promotional_price"": null,
            ""adUrl"": null,
            ""adId"": null,
            ""total_channel_likes"": 0,
            ""total_channel_followers"": 0,
            ""total_channel_video"": 0,
            ""channelName"": ""hello"",
            ""channel_profile"": ""https://theadtip.in/image/1000034735.jpg"",
            ""channelId"": 38,
            ""channelProfileCover"": ""https://theadtip.in/image/1000034735.jpg"",
            ""totalChannelShots"": 0,
            ""totalChannelViews"": 0,
            ""content_creator_plan_id"": 1
        },
        {
            ""id"": 4635,
            ""name"": ""test"",
            ""is_shot"": 0,
            ""category_id"": 6,
            ""video_channel"": 11333,
            ""video_link"": ""https://theadtip.in/videos/1000127539.mp4"",
            ""video_Thumbnail"": ""undefined"",
            ""qr_code_image"": ""user_4635_qrcode.png"",
            ""video_desciption"": ""undefined"",
            ""total_views"": 5,
            ""total_likes"": -9,
            ""is_active"": 1,
            ""createdby"": 51951,
            ""updatedby"": null,
            ""createddate"": ""2025-05-05T00:42:22.000Z"",
            ""updateddate"": null,
            ""play_duration"": ""undefined"",
            ""is_paid_promotional"": 0,
            ""promotional_price"": null,
            ""adUrl"": null,
            ""adId"": null,
            ""total_channel_likes"": 0,
            ""total_channel_followers"": 0,
            ""total_channel_video"": 0,
            ""channelName"": ""niks"",
            ""channel_profile"": ""https://theadtip.in/images/scaled_a52bff39-7bfd-4c7e-a818-bc3ef34709225269318422088176523.jpg"",
            ""channelId"": 11333,
            ""channelProfileCover"": ""https://theadtip.in/images/scaled_1008ad37-ca47-4d55-94ad-127dc5c494c18077488464346415791.jpg"",
            ""totalChannelShots"": 0,
            ""totalChannelViews"": 0,
            ""content_creator_plan_id"": 0
        },
        {
            ""id"": 4633,
            ""name"": ""chimtu"",
            ""is_shot"": 0,
            ""category_id"": 6,
            ""video_channel"": 10951,
            ""video_link"": ""https://theadtip.in/videos/1000288174.mp4"",
            ""video_Thumbnail"": ""undefined"",
            ""qr_code_image"": ""user_4633_qrcode.png"",
            ""video_desciption"": ""undefined"",
            ""total_views"": 11,
            ""total_likes"": -2,
            ""is_active"": 1,
            ""createdby"": 50816,
            ""updatedby"": null,
            ""createddate"": ""2025-05-04T10:39:32.000Z"",
            ""updateddate"": null,
            ""play_duration"": ""undefined"",
            ""is_paid_promotional"": 0,
            ""promotional_price"": null,
            ""adUrl"": null,
            ""adId"": null,
            ""total_channel_likes"": 0,
            ""total_channel_followers"": 0,
            ""total_channel_video"": 0,
            ""channelName"": ""viv"",
            ""channel_profile"": ""https://theadtip.in/images/scaled_1000332629.jpg"",
            ""channelId"": 10951,
            ""channelProfileCover"": ""https://theadtip.in/images/scaled_1000038437.jpg"",
            ""totalChannelShots"": 0,
            ""totalChannelViews"": 0,
            ""content_creator_plan_id"": 1
        },
        {
            ""id"": 4628,
            ""name"": ""funny"",
            ""is_shot"": 0,
            ""category_id"": 12,
            ""video_channel"": 11264,
            ""video_link"": ""https://theadtip.in/videos/1000030248.mp4"",
            ""video_Thumbnail"": ""undefined"",
            ""qr_code_image"": ""user_4628_qrcode.png"",
            ""video_desciption"": ""undefined"",
            ""total_views"": 6,
            ""total_likes"": -6,
            ""is_active"": 1,
            ""createdby"": 54560,
            ""updatedby"": null,
            ""createddate"": ""2025-05-03T11:51:14.000Z"",
            ""updateddate"": null,
            ""play_duration"": ""undefined"",
            ""is_paid_promotional"": 0,
            ""promotional_price"": null,
            ""adUrl"": null,
            ""adId"": null,
            ""total_channel_likes"": 0,
            ""total_channel_followers"": 0,
            ""total_channel_video"": 0,
            ""channelName"": ""SHAIK.MOHAMMAD KHALID"",
            ""channel_profile"": ""null"",
            ""channelId"": 11264,
            ""channelProfileCover"": ""null"",
            ""totalChannelShots"": 0,
            ""totalChannelViews"": 0,
            ""content_creator_plan_id"": 0
        },
        {
            ""id"": 4624,
            ""name"": ""just kiddin"",
            ""is_shot"": 0,
            ""category_id"": 6,
            ""video_channel"": 11350,
            ""video_link"": ""https://theadtip.in/videos/1000159137.mp4"",
            ""video_Thumbnail"": ""undefined"",
            ""qr_code_image"": ""user_4624_qrcode.png"",
            ""video_desciption"": ""undefined"",
            ""total_views"": 4,
            ""total_likes"": -1,
            ""is_active"": 1,
            ""createdby"": 55682,
            ""updatedby"": null,
            ""createddate"": ""2025-05-03T06:21:24.000Z"",
            ""updateddate"": null,
            ""play_duration"": ""undefined"",
            ""is_paid_promotional"": 0,
            ""promotional_price"": null,
            ""adUrl"": null,
            ""adId"": null,
            ""total_channel_likes"": 0,
            ""total_channel_followers"": 0,
            ""total_channel_video"": 0,
            ""channelName"": ""edo try cheddam"",
            ""channel_profile"": ""null"",
            ""channelId"": 11350,
            ""channelProfileCover"": ""https://theadtip.in/images/scaled_1000158721.jpg"",
            ""totalChannelShots"": 0,
            ""totalChannelViews"": 0,
            ""content_creator_plan_id"": 0
        },
        {
            ""id"": 4623,
            ""name"": ""chudu maama"",
            ""is_shot"": 0,
            ""category_id"": 6,
            ""video_channel"": 11350,
            ""video_link"": ""https://theadtip.in/videos/1000160023.mp4"",
            ""video_Thumbnail"": ""undefined"",
            ""qr_code_image"": ""user_4623_qrcode.png"",
            ""video_desciption"": ""undefined"",
            ""total_views"": 3,
            ""total_likes"": -3,
            ""is_active"": 1,
            ""createdby"": 55682,
            ""updatedby"": null,
            ""createddate"": ""2025-05-03T06:17:48.000Z"",
            ""updateddate"": null,
            ""play_duration"": ""undefined"",
            ""is_paid_promotional"": 0,
            ""promotional_price"": null,
            ""adUrl"": null,
            ""adId"": null,
            ""total_channel_likes"": 0,
            ""total_channel_followers"": 0,
            ""total_channel_video"": 0,
            ""channelName"": ""edo try cheddam"",
            ""channel_profile"": ""null"",
            ""channelId"": 11350,
            ""channelProfileCover"": ""https://theadtip.in/images/scaled_1000158721.jpg"",
            ""totalChannelShots"": 0,
            ""totalChannelViews"": 0,
            ""content_creator_plan_id"": 0
        },
        {
            ""id"": 4622,
            ""name"": ""test"",
            ""is_shot"": 0,
            ""category_id"": 6,
            ""video_channel"": 11333,
            ""video_link"": ""https://theadtip.in/videos/1000000020.mp4"",
            ""video_Thumbnail"": ""undefined"",
            ""qr_code_image"": ""user_4622_qrcode.png"",
            ""video_desciption"": ""undefined"",
            ""total_views"": 1,
            ""total_likes"": -3,
            ""is_active"": 1,
            ""createdby"": 51951,
            ""updatedby"": null,
            ""createddate"": ""2025-05-03T05:54:57.000Z"",
            ""updateddate"": null,
            ""play_duration"": ""undefined"",
            ""is_paid_promotional"": 0,
            ""promotional_price"": null,
            ""adUrl"": null,
            ""adId"": null,
            ""total_channel_likes"": 0,
            ""total_channel_followers"": 0,
            ""total_channel_video"": 0,
            ""channelName"": ""niks"",
            ""channel_profile"": ""https://theadtip.in/images/scaled_a52bff39-7bfd-4c7e-a818-bc3ef34709225269318422088176523.jpg"",
            ""channelId"": 11333,
            ""channelProfileCover"": ""https://theadtip.in/images/scaled_1008ad37-ca47-4d55-94ad-127dc5c494c18077488464346415791.jpg"",
            ""totalChannelShots"": 0,
            ""totalChannelViews"": 0,
            ""content_creator_plan_id"": 0
        },
        {
            ""id"": 4620,
            ""name"": ""dbxb"",
            ""is_shot"": 0,
            ""category_id"": 6,
            ""video_channel"": 11314,
            ""video_link"": ""https://theadtip.in/videos/1000024067.mp4"",
            ""video_Thumbnail"": ""undefined"",
            ""qr_code_image"": ""user_4620_qrcode.png"",
            ""video_desciption"": ""undefined"",
            ""total_views"": 0,
            ""total_likes"": -10,
            ""is_active"": 1,
            ""createdby"": 53734,
            ""updatedby"": null,
            ""createddate"": ""2025-05-02T19:13:35.000Z"",
            ""updateddate"": null,
            ""play_duration"": ""undefined"",
            ""is_paid_promotional"": 0,
            ""promotional_price"": null,
            ""adUrl"": null,
            ""adId"": null,
            ""total_channel_likes"": 0,
            ""total_channel_followers"": 0,
            ""total_channel_video"": 0,
            ""channelName"": ""love you"",
            ""channel_profile"": ""https://theadtip.in/images/scaled_1000063084.jpg"",
            ""channelId"": 11314,
            ""channelProfileCover"": ""https://theadtip.in/images/scaled_1000067088.webp"",
            ""totalChannelShots"": 0,
            ""totalChannelViews"": 0,
            ""content_creator_plan_id"": 0
        },
        {
            ""id"": 4609,
            ""name"": ""tib"",
            ""is_shot"": 0,
            ""category_id"": 6,
            ""video_channel"": 4035,
            ""video_link"": ""https://theadtip.in/videos/1000161512.mp4"",
            ""video_Thumbnail"": ""undefined"",
            ""qr_code_image"": ""user_4609_qrcode.png"",
            ""video_desciption"": ""undefined"",
            ""total_views"": 0,
            ""total_likes"": -6,
            ""is_active"": 1,
            ""createdby"": 39845,
            ""updatedby"": null,
            ""createddate"": ""2025-05-01T03:52:45.000Z"",
            ""updateddate"": null,
            ""play_duration"": ""undefined"",
            ""is_paid_promotional"": 0,
            ""promotional_price"": null,
            ""adUrl"": null,
            ""adId"": null,
            ""total_channel_likes"": 0,
            ""total_channel_followers"": 0,
            ""total_channel_video"": 0,
            ""channelName"": ""yuvan "",
            ""channel_profile"": ""https://theadtip.in/image/1000133008.jpg"",
            ""channelId"": 4035,
            ""channelProfileCover"": ""https://theadtip.in/image/1000129924.jpg"",
            ""totalChannelShots"": 0,
            ""totalChannelViews"": 0,
            ""content_creator_plan_id"": 0
        },
        {
            ""id"": 4608,
            ""name"": ""shh"",
            ""is_shot"": 0,
            ""category_id"": 6,
            ""video_channel"": 4035,
            ""video_link"": ""https://theadtip.in/videos/1000159188.mp4"",
            ""video_Thumbnail"": ""undefined"",
            ""qr_code_image"": ""user_4608_qrcode.png"",
            ""video_desciption"": ""undefined"",
            ""total_views"": 0,
            ""total_likes"": -1,
            ""is_active"": 1,
            ""createdby"": 39845,
            ""updatedby"": null,
            ""createddate"": ""2025-05-01T03:51:04.000Z"",
            ""updateddate"": null,
            ""play_duration"": ""undefined"",
            ""is_paid_promotional"": 0,
            ""promotional_price"": null,
            ""adUrl"": null,
            ""adId"": null,
            ""total_channel_likes"": 0,
            ""total_channel_followers"": 0,
            ""total_channel_video"": 0,
            ""channelName"": ""yuvan "",
            ""channel_profile"": ""https://theadtip.in/image/1000133008.jpg"",
            ""channelId"": 4035,
            ""channelProfileCover"": ""https://theadtip.in/image/1000129924.jpg"",
            ""totalChannelShots"": 0,
            ""totalChannelViews"": 0,
            ""content_creator_plan_id"": 0
        },
        {
            ""id"": 4607,
            ""name"": ""tips"",
            ""is_shot"": 0,
            ""category_id"": 6,
            ""video_channel"": 4035,
            ""video_link"": ""https://theadtip.in/videos/1000160888.mp4"",
            ""video_Thumbnail"": ""undefined"",
            ""qr_code_image"": ""user_4607_qrcode.png"",
            ""video_desciption"": ""undefined"",
            ""total_views"": 0,
            ""total_likes"": -7,
            ""is_active"": 1,
            ""createdby"": 39845,
            ""updatedby"": null,
            ""createddate"": ""2025-05-01T03:47:47.000Z"",
            ""updateddate"": null,
            ""play_duration"": ""undefined"",
            ""is_paid_promotional"": 0,
            ""promotional_price"": null,
            ""adUrl"": null,
            ""adId"": null,
            ""total_channel_likes"": 0,
            ""total_channel_followers"": 0,
            ""total_channel_video"": 0,
            ""channelName"": ""yuvan "",
            ""channel_profile"": ""https://theadtip.in/image/1000133008.jpg"",
            ""channelId"": 4035,
            ""channelProfileCover"": ""https://theadtip.in/image/1000129924.jpg"",
            ""totalChannelShots"": 0,
            ""totalChannelViews"": 0,
            ""content_creator_plan_id"": 0
        },
        {
            ""id"": 4606,
            ""name"": ""Judith"",
            ""is_shot"": 0,
            ""category_id"": 6,
            ""video_channel"": 11314,
            ""video_link"": ""https://theadtip.in/videos/1000003145.mp4"",
            ""video_Thumbnail"": ""undefined"",
            ""qr_code_image"": ""user_4606_qrcode.png"",
            ""video_desciption"": ""undefined"",
            ""total_views"": 0,
            ""total_likes"": -16,
            ""is_active"": 1,
            ""createdby"": 53734,
            ""updatedby"": null,
            ""createddate"": ""2025-05-01T01:41:13.000Z"",
            ""updateddate"": null,
            ""play_duration"": ""undefined"",
            ""is_paid_promotional"": 0,
            ""promotional_price"": null,
            ""adUrl"": null,
            ""adId"": null,
            ""total_channel_likes"": 0,
            ""total_channel_followers"": 0,
            ""total_channel_video"": 0,
            ""channelName"": ""love you"",
            ""channel_profile"": ""https://theadtip.in/images/scaled_1000063084.jpg"",
            ""channelId"": 11314,
            ""channelProfileCover"": ""https://theadtip.in/images/scaled_1000067088.webp"",
            ""totalChannelShots"": 0,
            ""totalChannelViews"": 0,
            ""content_creator_plan_id"": 0
        },
        {
            ""id"": 4605,
            ""name"": ""g idk"",
            ""is_shot"": 0,
            ""category_id"": 6,
            ""video_channel"": 11314,
            ""video_link"": ""https://theadtip.in/videos/1000005012.mp4"",
            ""video_Thumbnail"": ""undefined"",
            ""qr_code_image"": ""user_4605_qrcode.png"",
            ""video_desciption"": ""undefined"",
            ""total_views"": 0,
            ""total_likes"": -6,
            ""is_active"": 1,
            ""createdby"": 53734,
            ""updatedby"": null,
            ""createddate"": ""2025-05-01T01:40:47.000Z"",
            ""updateddate"": null,
            ""play_duration"": ""undefined"",
            ""is_paid_promotional"": 0,
            ""promotional_price"": null,
            ""adUrl"": null,
            ""adId"": null,
            ""total_channel_likes"": 0,
            ""total_channel_followers"": 0,
            ""total_channel_video"": 0,
            ""channelName"": ""love you"",
            ""channel_profile"": ""https://theadtip.in/images/scaled_1000063084.jpg"",
            ""channelId"": 11314,
            ""channelProfileCover"": ""https://theadtip.in/images/scaled_1000067088.webp"",
            ""totalChannelShots"": 0,
            ""totalChannelViews"": 0,
            ""content_creator_plan_id"": 0
        },
        {
            ""id"": 4604,
            ""name"": ""foo"",
            ""is_shot"": 0,
            ""category_id"": 6,
            ""video_channel"": 11314,
            ""video_link"": ""https://theadtip.in/videos/1000005030.mp4"",
            ""video_Thumbnail"": ""undefined"",
            ""qr_code_image"": ""user_4604_qrcode.png"",
            ""video_desciption"": ""undefined"",
            ""total_views"": 0,
            ""total_likes"": -2,
            ""is_active"": 1,
            ""createdby"": 53734,
            ""updatedby"": null,
            ""createddate"": ""2025-05-01T01:40:20.000Z"",
            ""updateddate"": null,
            ""play_duration"": ""undefined"",
            ""is_paid_promotional"": 0,
            ""promotional_price"": null,
            ""adUrl"": null,
            ""adId"": null,
            ""total_channel_likes"": 0,
            ""total_channel_followers"": 0,
            ""total_channel_video"": 0,
            ""channelName"": ""love you"",
            ""channel_profile"": ""https://theadtip.in/images/scaled_1000063084.jpg"",
            ""channelId"": 11314,
            ""channelProfileCover"": ""https://theadtip.in/images/scaled_1000067088.webp"",
            ""totalChannelShots"": 0,
            ""totalChannelViews"": 0,
            ""content_creator_plan_id"": 0
        },
        {
            ""id"": 4603,
            ""name"": ""Cindy"",
            ""is_shot"": 0,
            ""category_id"": 6,
            ""video_channel"": 11314,
            ""video_link"": ""https://theadtip.in/videos/1000005032.mp4"",
            ""video_Thumbnail"": ""undefined"",
            ""qr_code_image"": ""user_4603_qrcode.png"",
            ""video_desciption"": ""undefined"",
            ""total_views"": 0,
            ""total_likes"": -4,
            ""is_active"": 1,
            ""createdby"": 53734,
            ""updatedby"": null,
            ""createddate"": ""2025-05-01T01:39:51.000Z"",
            ""updateddate"": null,
            ""play_duration"": ""undefined"",
            ""is_paid_promotional"": 0,
            ""promotional_price"": null,
            ""adUrl"": null,
            ""adId"": null,
            ""total_channel_likes"": 0,
            ""total_channel_followers"": 0,
            ""total_channel_video"": 0,
            ""channelName"": ""love you"",
            ""channel_profile"": ""https://theadtip.in/images/scaled_1000063084.jpg"",
            ""channelId"": 11314,
            ""channelProfileCover"": ""https://theadtip.in/images/scaled_1000067088.webp"",
            ""totalChannelShots"": 0,
            ""totalChannelViews"": 0,
            ""content_creator_plan_id"": 0
        },
        {
            ""id"": 4602,
            ""name"": ""Gobi"",
            ""is_shot"": 0,
            ""category_id"": 6,
            ""video_channel"": 11314,
            ""video_link"": ""https://theadtip.in/videos/1000005035.mp4"",
            ""video_Thumbnail"": ""undefined"",
            ""qr_code_image"": ""user_4602_qrcode.png"",
            ""video_desciption"": ""undefined"",
            ""total_views"": 0,
            ""total_likes"": -3,
            ""is_active"": 1,
            ""createdby"": 53734,
            ""updatedby"": null,
            ""createddate"": ""2025-05-01T01:39:24.000Z"",
            ""updateddate"": null,
            ""play_duration"": ""undefined"",
            ""is_paid_promotional"": 0,
            ""promotional_price"": null,
            ""adUrl"": null,
            ""adId"": null,
            ""total_channel_likes"": 0,
            ""total_channel_followers"": 0,
            ""total_channel_video"": 0,
            ""channelName"": ""love you"",
            ""channel_profile"": ""https://theadtip.in/images/scaled_1000063084.jpg"",
            ""channelId"": 11314,
            ""channelProfileCover"": ""https://theadtip.in/images/scaled_1000067088.webp"",
            ""totalChannelShots"": 0,
            ""totalChannelViews"": 0,
            ""content_creator_plan_id"": 0
        },
        {
            ""id"": 4601,
            ""name"": ""u too"",
            ""is_shot"": 0,
            ""category_id"": 6,
            ""video_channel"": 11314,
            ""video_link"": ""https://theadtip.in/videos/1000005104.mp4"",
            ""video_Thumbnail"": ""undefined"",
            ""qr_code_image"": ""user_4601_qrcode.png"",
            ""video_desciption"": ""undefined"",
            ""total_views"": 0,
            ""total_likes"": -1,
            ""is_active"": 1,
            ""createdby"": 53734,
            ""updatedby"": null,
            ""createddate"": ""2025-05-01T01:38:53.000Z"",
            ""updateddate"": null,
            ""play_duration"": ""undefined"",
            ""is_paid_promotional"": 0,
            ""promotional_price"": null,
            ""adUrl"": null,
            ""adId"": null,
            ""total_channel_likes"": 0,
            ""total_channel_followers"": 0,
            ""total_channel_video"": 0,
            ""channelName"": ""love you"",
            ""channel_profile"": ""https://theadtip.in/images/scaled_1000063084.jpg"",
            ""channelId"": 11314,
            ""channelProfileCover"": ""https://theadtip.in/images/scaled_1000067088.webp"",
            ""totalChannelShots"": 0,
            ""totalChannelViews"": 0,
            ""content_creator_plan_id"": 0
        },
        {
            ""id"": 4600,
            ""name"": ""chh"",
            ""is_shot"": 0,
            ""category_id"": 6,
            ""video_channel"": 11314,
            ""video_link"": ""https://theadtip.in/videos/1000005105.mp4"",
            ""video_Thumbnail"": ""undefined"",
            ""qr_code_image"": ""user_4600_qrcode.png"",
            ""video_desciption"": ""undefined"",
            ""total_views"": 0,
            ""total_likes"": -4,
            ""is_active"": 1,
            ""createdby"": 53734,
            ""updatedby"": null,
            ""createddate"": ""2025-05-01T01:38:25.000Z"",
            ""updateddate"": null,
            ""play_duration"": ""undefined"",
            ""is_paid_promotional"": 0,
            ""promotional_price"": null,
            ""adUrl"": null,
            ""adId"": null,
            ""total_channel_likes"": 0,
            ""total_channel_followers"": 0,
            ""total_channel_video"": 0,
            ""channelName"": ""love you"",
            ""channel_profile"": ""https://theadtip.in/images/scaled_1000063084.jpg"",
            ""channelId"": 11314,
            ""channelProfileCover"": ""https://theadtip.in/images/scaled_1000067088.webp"",
            ""totalChannelShots"": 0,
            ""totalChannelViews"": 0,
            ""content_creator_plan_id"": 0
        },
        {
            ""id"": 4599,
            ""name"": ""chhi"",
            ""is_shot"": 0,
            ""category_id"": 6,
            ""video_channel"": 11314,
            ""video_link"": ""https://theadtip.in/videos/1000005158.mp4"",
            ""video_Thumbnail"": ""undefined"",
            ""qr_code_image"": ""user_4599_qrcode.png"",
            ""video_desciption"": ""undefined"",
            ""total_views"": 0,
            ""total_likes"": -6,
            ""is_active"": 1,
            ""createdby"": 53734,
            ""updatedby"": null,
            ""createddate"": ""2025-05-01T01:38:01.000Z"",
            ""updateddate"": null,
            ""play_duration"": ""undefined"",
            ""is_paid_promotional"": 0,
            ""promotional_price"": null,
            ""adUrl"": null,
            ""adId"": null,
            ""total_channel_likes"": 0,
            ""total_channel_followers"": 0,
            ""total_channel_video"": 0,
            ""channelName"": ""love you"",
            ""channel_profile"": ""https://theadtip.in/images/scaled_1000063084.jpg"",
            ""channelId"": 11314,
            ""channelProfileCover"": ""https://theadtip.in/images/scaled_1000067088.webp"",
            ""totalChannelShots"": 0,
            ""totalChannelViews"": 0,
            ""content_creator_plan_id"": 0
        },
        {
            ""id"": 4598,
            ""name"": ""doggy"",
            ""is_shot"": 0,
            ""category_id"": 6,
            ""video_channel"": 11314,
            ""video_link"": ""https://theadtip.in/videos/1000005318.mp4"",
            ""video_Thumbnail"": ""undefined"",
            ""qr_code_image"": ""user_4598_qrcode.png"",
            ""video_desciption"": ""undefined"",
            ""total_views"": 0,
            ""total_likes"": -1,
            ""is_active"": 1,
            ""createdby"": 53734,
            ""updatedby"": null,
            ""createddate"": ""2025-05-01T01:37:38.000Z"",
            ""updateddate"": null,
            ""play_duration"": ""undefined"",
            ""is_paid_promotional"": 0,
            ""promotional_price"": null,
            ""adUrl"": null,
            ""adId"": null,
            ""total_channel_likes"": 0,
            ""total_channel_followers"": 0,
            ""total_channel_video"": 0,
            ""channelName"": ""love you"",
            ""channel_profile"": ""https://theadtip.in/images/scaled_1000063084.jpg"",
            ""channelId"": 11314,
            ""channelProfileCover"": ""https://theadtip.in/images/scaled_1000067088.webp"",
            ""totalChannelShots"": 0,
            ""totalChannelViews"": 0,
            ""content_creator_plan_id"": 0
        }
    ]
}",no,"10.Reels,shorts",,
,,,,,,,,,,
3,for tip shorts api no login,,/getpublicshots,GET,,"{
    ""status"": 200,
    ""message"": ""Shots fetched successfully."",
    ""data"": [
        {
            ""id"": 1056,
            ""name"": ""#sad story"",
            ""category_id"": 0,
            ""video_link"": ""https://theadtip.in/videos/1000161444.mp4"",
            ""video_description"": ""#sad story#sadstatus#sadquotes"",
            ""total_views"": 0,
            ""total_likes"": 46,
            ""createdby"": 38692,
            ""video_Thumbnail"": ""https://theadtip.in/image/1000166342.jpg"",
            ""channelName"": ""WhatsApp Status"",
            ""channel_profile"": ""https://theadtip.in/image/1000039972.jpg"",
            ""channelId"": 3925,
            ""total_comments"": 0
        },
        {
            ""id"": 293,
            ""name"": ""heron "",
            ""category_id"": 0,
            ""video_link"": ""https://theadtip.in/videos/1000123877.mp4"",
            ""video_description"": ""heron"",
            ""total_views"": 0,
            ""total_likes"": 63,
            ""createdby"": 413,
            ""video_Thumbnail"": ""https://theadtip.in/image/1000129014.png"",
            ""channelName"": ""maha"",
            ""channel_profile"": ""https://theadtip.in/image/1000121510.png"",
            ""channelId"": 185,
            ""total_comments"": 0
        },
        {
            ""id"": 3037,
            ""name"": ""funny 🤣"",
            ""category_id"": 0,
            ""video_link"": ""https://theadtip.in/videos/1000078098.mp4"",
            ""video_description"": ""funny entertainment 😹"",
            ""total_views"": 0,
            ""total_likes"": 6,
            ""createdby"": 46475,
            ""video_Thumbnail"": ""https://theadtip.in/image/ac09cb64-fd75-4559-9ac5-8a7fde16de29-1_all_17016.jpg"",
            ""channelName"": ""sravss vlogs "",
            ""channel_profile"": ""https://theadtip.in/images/scaled_ac09cb64-fd75-4559-9ac5-8a7fde16de29-1_all_17015.jpg"",
            ""channelId"": 10601,
            ""total_comments"": 1
        },
        {
            ""id"": 805,
            ""name"": ""boonchan "",
            ""category_id"": 0,
            ""video_link"": ""https://theadtip.in/videos/1000043531.mp4"",
            ""video_description"": ""funny 🤣🤣🤣"",
            ""total_views"": 0,
            ""total_likes"": 18,
            ""createdby"": 40039,
            ""video_Thumbnail"": ""https://theadtip.in/image/1000043523.jpg"",
            ""channelName"": ""Foxey "",
            ""channel_profile"": ""https://theadtip.in/image/3a216cb2-8d07-4b3d-b259-fa42732677ad-1_all_225.jpg"",
            ""channelId"": 3916,
            ""total_comments"": 0
        },
        {
            ""id"": 1220,
            ""name"": ""telugu "",
            ""category_id"": 0,
            ""video_link"": ""https://theadtip.in/videos/1000070591.mp4"",
            ""video_description"": ""love songs "",
            ""total_views"": 0,
            ""total_likes"": 31,
            ""createdby"": 39990,
            ""video_Thumbnail"": ""https://theadtip.in/image/1000070994.jpg"",
            ""channelName"": ""cheryyy_beazt"",
            ""channel_profile"": ""https://theadtip.in/image/1000066848.webp"",
            ""channelId"": 3891,
            ""total_comments"": 0
        },
        {
            ""id"": 1507,
            ""name"": ""comedy "",
            ""category_id"": 0,
            ""video_link"": ""https://theadtip.in/videos/1000003432.mp4"",
            ""video_description"": ""comedy video "",
            ""total_views"": 0,
            ""total_likes"": 26,
            ""createdby"": 41796,
            ""video_Thumbnail"": ""https://theadtip.in/image/1000014171.jpg"",
            ""channelName"": ""comedywibes"",
            ""channel_profile"": ""https://theadtip.in/image/1000014150.jpg"",
            ""channelId"": 7360,
            ""total_comments"": 2
        },
        {
            ""id"": 2304,
            ""name"": ""please like follow comment subscribe"",
            ""category_id"": 0,
            ""video_link"": ""https://theadtip.in/videos/1000013232.mp4"",
            ""video_description"": ""please like follow comment subscribe"",
            ""total_views"": 0,
            ""total_likes"": 16,
            ""createdby"": 45358,
            ""video_Thumbnail"": ""https://theadtip.in/image/1000013296.jpg"",
            ""channelName"": ""Gnana Jyothi"",
            ""channel_profile"": ""https://theadtip.in/images/scaled_1000014782.webp"",
            ""channelId"": 10447,
            ""total_comments"": 1
        },
        {
            ""id"": 4176,
            ""name"": ""happyness 💖"",
            ""category_id"": 0,
            ""video_link"": ""https://theadtip.in/videos/VID_20250312_080113_012.mp4"",
            ""video_description"": ""plz LIKE, FOLLOW "",
            ""total_views"": 0,
            ""total_likes"": -2,
            ""createdby"": 48378,
            ""video_Thumbnail"": ""https://theadtip.in/image/Screenshot_20250312_105400.jpg"",
            ""channelName"": ""Lithin Gaming "",
            ""channel_profile"": ""https://theadtip.in/images/scaled_IMG-20250303-WA0002.jpg"",
            ""channelId"": 10788,
            ""total_comments"": 0
        },
        {
            ""id"": 3387,
            ""name"": ""phychology fact "",
            ""category_id"": 0,
            ""video_link"": ""https://theadtip.in/videos/1000022798.mp4"",
            ""video_description"": ""first one "",
            ""total_views"": 0,
            ""total_likes"": 6,
            ""createdby"": 39026,
            ""video_Thumbnail"": ""https://theadtip.in/image/1000022800.png"",
            ""channelName"": ""MIND HUB"",
            ""channel_profile"": ""https://theadtip.in/images/scaled_1000022800.png"",
            ""channelId"": 4863,
            ""total_comments"": 11
        },
        {
            ""id"": 2309,
            ""name"": ""please like follow comment subscribe"",
            ""category_id"": 0,
            ""video_link"": ""https://theadtip.in/videos/1000013232.mp4"",
            ""video_description"": ""please like follow comment subscribe "",
            ""total_views"": 0,
            ""total_likes"": 18,
            ""createdby"": 45358,
            ""video_Thumbnail"": ""https://theadtip.in/image/1000013296.jpg"",
            ""channelName"": ""Gnana Jyothi"",
            ""channel_profile"": ""https://theadtip.in/images/scaled_1000014782.webp"",
            ""channelId"": 10447,
            ""total_comments"": 0
        },
        {
            ""id"": 593,
            ""name"": ""free fire gaming "",
            ""category_id"": 0,
            ""video_link"": ""https://theadtip.in/videos/1000013232.mp4"",
            ""video_description"": ""free fire "",
            ""total_views"": 0,
            ""total_likes"": 53,
            ""createdby"": 39290,
            ""video_Thumbnail"": ""https://theadtip.in/image/1000013636.jpg"",
            ""channelName"": ""free fire gamer"",
            ""channel_profile"": ""https://theadtip.in/image/1000011100.jpg"",
            ""channelId"": 2471,
            ""total_comments"": 0
        },
        {
            ""id"": 103,
            ""name"": ""tiger "",
            ""category_id"": 0,
            ""video_link"": ""https://theadtip.in/videos/1000035132.mp4"",
            ""video_description"": ""tiger"",
            ""total_views"": 0,
            ""total_likes"": 49,
            ""createdby"": 4586,
            ""video_Thumbnail"": ""https://theadtip.in/image/1000034927.jpg"",
            ""channelName"": ""hello"",
            ""channel_profile"": ""https://theadtip.in/image/1000034735.jpg"",
            ""channelId"": 38,
            ""total_comments"": 0
        },
        {
            ""id"": 558,
            ""name"": ""true words 💯"",
            ""category_id"": 0,
            ""video_link"": ""https://theadtip.in/videos/1000009259.mp4"",
            ""video_description"": ""time we fall.” — ...\n“Life is either a daring adventure or nothing.” —"",
            ""total_views"": 0,
            ""total_likes"": 49,
            ""createdby"": 39123,
            ""video_Thumbnail"": ""https://theadtip.in/image/1000021743.jpg"",
            ""channelName"": ""Power Star ✨"",
            ""channel_profile"": ""https://theadtip.in/image/1000020762.jpg"",
            ""channelId"": 2134,
            ""total_comments"": 1
        },
        {
            ""id"": 4221,
            ""name"": ""avengers "",
            ""category_id"": 0,
            ""video_link"": ""https://theadtip.in/videos/1000013996.mp4"",
            ""video_description"": ""avengers "",
            ""total_views"": 0,
            ""total_likes"": 3,
            ""createdby"": 14767,
            ""video_Thumbnail"": ""https://theadtip.in/image/1000010527.jpg"",
            ""channelName"": ""adtip173"",
            ""channel_profile"": ""https://theadtip.in/image/1000010527.jpg"",
            ""channelId"": 8455,
            ""total_comments"": 0
        },
        {
            ""id"": 986,
            ""name"": ""explore"",
            ""category_id"": 0,
            ""video_link"": ""https://theadtip.in/videos/1000096703.mp4"",
            ""video_description"": ""nature"",
            ""total_views"": 0,
            ""total_likes"": 34,
            ""createdby"": 40648,
            ""video_Thumbnail"": ""https://theadtip.in/image/1000094350.png"",
            ""channelName"": ""Maddy"",
            ""channel_profile"": ""https://theadtip.in/image/1000091384.jpg"",
            ""channelId"": 5022,
            ""total_comments"": 0
        },
        {
            ""id"": 4109,
            ""name"": ""svarojdigi "",
            ""category_id"": 0,
            ""video_link"": ""https://theadtip.in/videos/1000089861.mp4"",
            ""video_description"": ""for more info WhatsApp 8742843674"",
            ""total_views"": 0,
            ""total_likes"": 1,
            ""createdby"": 1603,
            ""video_Thumbnail"": ""https://theadtip.in/image/1000088719.jpg"",
            ""channelName"": ""svarojdigi "",
            ""channel_profile"": ""null"",
            ""channelId"": 10736,
            ""total_comments"": 0
        },
        {
            ""id"": 2090,
            ""name"": ""😎💥💥"",
            ""category_id"": 0,
            ""video_link"": ""https://theadtip.in/videos/1000044274.mp4"",
            ""video_description"": "" 😎😎👍"",
            ""total_views"": 0,
            ""total_likes"": 21,
            ""createdby"": 38844,
            ""video_Thumbnail"": ""https://theadtip.in/image/1000044420.webp"",
            ""channelName"": ""EDITS "",
            ""channel_profile"": ""https://theadtip.in/image/1000028261.jpg"",
            ""channelId"": 8774,
            ""total_comments"": 0
        },
        {
            ""id"": 3906,
            ""name"": ""😂😂"",
            ""category_id"": 0,
            ""video_link"": ""https://theadtip.in/videos/1000049999.mp4"",
            ""video_description"": ""😂😂"",
            ""total_views"": 0,
            ""total_likes"": 8,
            ""createdby"": 38844,
            ""video_Thumbnail"": ""https://theadtip.in/image/1000050493.jpg"",
            ""channelName"": ""EDITS "",
            ""channel_profile"": ""https://theadtip.in/image/1000028261.jpg"",
            ""channelId"": 8774,
            ""total_comments"": 0
        },
        {
            ""id"": 2987,
            ""name"": ""momos"",
            ""category_id"": 0,
            ""video_link"": ""https://theadtip.in/videos/1000032764.mp4"",
            ""video_description"": ""please 🙏 \nlikes comment, Yammy "",
            ""total_views"": 0,
            ""total_likes"": 8,
            ""createdby"": 46431,
            ""video_Thumbnail"": ""https://theadtip.in/image/1000032504.png"",
            ""channelName"": ""greshmi74 "",
            ""channel_profile"": ""https://theadtip.in/images/scaled_1000034341.jpg"",
            ""channelId"": 10602,
            ""total_comments"": 0
        },
        {
            ""id"": 1229,
            ""name"": ""heroine kriti shetty 😍"",
            ""category_id"": 0,
            ""video_link"": ""https://theadtip.in/videos/60e9a734-cde4-4637-a123-08a7c186f125-1_all_208.mp4"",
            ""video_description"": ""super kada"",
            ""total_views"": 0,
            ""total_likes"": 42,
            ""createdby"": 41301,
            ""video_Thumbnail"": ""https://theadtip.in/image/1000197246.webp"",
            ""channelName"": ""sai technologies "",
            ""channel_profile"": ""https://theadtip.in/image/1000198882.jpg"",
            ""channelId"": 6409,
            ""total_comments"": 0
        }
    ]
}",no,1.in usage,,
,,,,,,,,,,
,,,,,,LOGIN PAGE,,,,
1,for otp login,,/api/otplogin,POST ,"{
  ""mobileNumber"": ""8123175473"",
    ""userType"" : ""2""
}","{
    ""status"": 200,
    ""message"": ""OTP sent on registered mobile number."",
    ""data"": [
        {
            ""otp"": """",
            ""id"": 50816,
            ""messageId"": """",
            ""mobile_number"": ""6303390566"",
            ""user_type"": ""2"",
            ""isOtpVerified"": 0,
            ""is_first_time"": true
        }
    ]
}",NO,02.authentication-login-logout-otp,,
,,,,,,,,,,
2,for otp veirfy,,/api/otpverify,POST ,/api/otpverify,"{
    ""status"": 200,
    ""message"": ""OTP verify successful."",
    ""accessToken"": ""eyJhbGciOiJIUzI1NiIsInR5cCI6IkpXVCJ9.eyJ1c2VyX2lkIjo1ODQyMiwiZW1haWwiOiJzYW1wbGVAZ21haWwuY29tIiwiaWF0IjoxNzQ5ODM5MDE1LCJleHAiOjE3ODEzNzUwMTV9.nIQ0Tb19TKn-FhMsomqqhQbJwLfBgYK_84PJtcZZexM"",
    ""data"": [
        {
            ""id"": 58422,
            ""name"": ""S A"",
            ""firstName"": ""S"",
            ""lastName"": ""A"",
            ""emailId"": ""sample@gmail.com"",
            ""gender"": ""Male"",
            ""dob"": ""2005-01-01"",
            ""profile_image"": null,
            ""message_id"": ""mbv4y9repxowc69fqlk-94f39df62baf1772"",
            ""mobile_number"": ""9885002290"",
            ""otp"": ""835855"",
            ""user_type"": 2,
            ""profession"": ""doctor"",
            ""maternal_status"": ""Single"",
            ""address"": ""SRMAP"",
            ""longitude"": ""-122.083922"",
            ""latitude"": ""37.4217937"",
            ""pincode"": ""522502"",
            ""current_otp_verified"": null,
            ""created_date"": ""2025-05-24T22:25:55.000Z"",
            ""updated_date"": ""2025-06-13T09:39:09.000Z"",
            ""isOtpVerified"": 1,
            ""isSaveUserDetails"": 1,
            ""is_active"": null,
            ""createdby"": null,
            ""access_type"": 2,
            ""online_status"": true,
            ""device_token"": ""c8LAH-szQhO6yp95XbClL-:APA91bEWTs36plPTNRkRjIe-RJWp3TayMqTzTDV_4a4y_6HO-cBckIs2I5vL4I6j9FuCC_MzRpil5_bgxeQMwyNU8FQBSyM6sKvfcJRI-k7EP9l4KZKADaY"",
            ""is_block"": null,
            ""is_mute"": null,
            ""referal_code"": ""ADTIP58422F2"",
            ""referal_earnings"": 0,
            ""referred_by"": null,
            ""username"": null,
            ""referred_count"": 0,
            ""is_first_time"": 1,
            ""bio"": null,
            ""premium_plan_id"": 0,
            ""content_creator_plan_id"": 0,
            ""is_available"": true,
            ""dnd"": false,
            ""premium"": 0,
            ""country_code"": ""+91"",
            ""country"": ""India"",
            ""fcm_token"": ""fsooduVWQK6bkAn45rcnIS:APA91bFu0lT8_qRfpFKEvSpsWip3hvIsAe70RPxEr2XOIOXllwEDnQoahYJClC12T3GDGaFQjOkqLEWoLba0_7TTG-DF8_B2DOP9hulYD0TX435-adqUQes"",
            ""languages"": [],
            ""interests"": [],
            ""is_premium"": false
        }
    ]
}",POST ,02.authentication-login-logout-otp,,
,,,,,,,,,,
3,for logout,,/api/logout,POST,"{
  ""id"": ""50816""
}",,yes,,,
,,,,,,,,,,
4,"if user is first , login , this api should call",,/api/saveuserdetails,POST,"{
  ""id"": 56374,
  ""name"": ""John Doe"",
  ""firstname"": ""John"",
  ""lastname"": ""Doe"",
  ""gender"": ""Male"",
  ""dob"": ""1990-01-01"",
  ""profile_image"": ""https://example.com/profile.jpg"",
  ""profession"": ""Engineer"",
  ""maternal_status"": ""Single"",
  ""address"": ""123 Main St"",
  ""emailId"": ""john.doe@example.com"",
  ""longitude"": ""12.34"",
  ""latitude"": ""56.78"",
  ""pincode"": ""123456"",
  ""languages"": 1,
  ""interests"": 3,
  ""referal_code"": """"
}","{
    ""status"": 200,
    ""message"": ""User data saved successful"",
    ""data"": [
        {
            ""id"": 56374,
            ""name"": ""John Doe"",
            ""firstName"": ""John"",
            ""lastName"": ""Doe"",
            ""emailId"": ""john.doe@example.com"",
            ""gender"": ""Male"",
            ""dob"": ""1990-01-01"",
            ""profile_image"": ""https://example.com/profile.jpg"",
            ""message_id"": ""mb2gi0bg2dt3y204pfp-944e3cfce8f73212"",
            ""mobile_number"": ""9347733996"",
            ""otp"": ""721677"",
            ""user_type"": 2,
            ""profession"": ""Engineer"",
            ""maternal_status"": ""Single"",
            ""address"": ""123 Main St"",
            ""longitude"": ""12.34"",
            ""latitude"": ""56.78"",
            ""pincode"": ""123456"",
            ""current_otp_verified"": null,
            ""created_date"": ""2025-05-10T13:09:48.000Z"",
            ""updated_date"": ""2025-05-24T16:49:11.000Z"",
            ""isOtpVerified"": 1,
            ""isSaveUserDetails"": 1,
            ""is_active"": null,
            ""createdby"": null,
            ""access_type"": 2,
            ""online_status"": false,
            ""device_token"": null,
            ""is_block"": null,
            ""is_mute"": null,
            ""referal_code"": ""ADTIP5637477"",
            ""referal_earnings"": 0,
            ""referred_by"": null,
            ""username"": null,
            ""referred_count"": 0,
            ""is_first_time"": 1,
            ""bio"": null,
            ""premium_plan_id"": 0,
            ""content_creator_plan_id"": 0,
            ""is_available"": true,
            ""dnd"": false,
            ""premium"": 0,
            ""country_code"": ""+91"",
            ""country"": ""India"",
            ""fcm_token"": null,
            ""languages"": null,
            ""interests"": null
        }
    ]
}",yes,02.authentication-login-logout-otp,,
,,,,,,,,02.authentication-login-logout-otp,,
5,,,/api/ping,GET,,,YES,,,
,,,,,,,,,,
,,,,,,,,,,
,,,,,,,,,,
,,,,,,HOME PAGE,,,,
,,,,,,,,,,
0,it will update users last seen,/api/ping,/api/ping,GET,,,YES,02.authentication-login-logout-otp,,
,,,,,,,,,,
1,it will fecth the wallet balance of specific user,,/api/getfunds/51887,GET,,"{
    ""status"": 200,
    ""message"": ""Fetched latest balance successfully."",
    ""availableBalance"": ""204.59""
}",YES,"06.add_funds,user,master,add_funds",,
,,,,,,,,,,
2,"fetch user posts in home page (images , videoss",,/api/list-posts,POST,"{
    ""category"" : 0,
    ""page"" :1,
    ""limit"" :5,
    ""loggined_user_id"" : 56768
}","{
    ""status"": true,
    ""message"": ""Post lists"",
    ""data"": [
        {
            ""id"": 1051,
            ""user_id"": 56102,
            ""title"": ""love 🥰"",
            ""content"": ""love 🥰"",
            ""media_url"": ""https://theadtip.in/videos/7697.mp4"",
            ""media_type"": ""video"",
            ""is_promoted"": 1,
            ""video_category_id"": 18,
            ""user_name"": ""chetan"",
            ""user_profile_image"": ""null"",
            ""address"": ""Kanaya Nagar, Thane, Maharashtra, India-400603"",
            ""category_name"": ""lifestyle & personal content"",
            ""post_promotion_id"": 19,
            ""target_min_age"": 2,
            ""target_max_age"": 40,
            ""reach_goal"": 20,
            ""duration_days"": 1,
            ""pay_per_view"": ""1.00"",
            ""total_pay"": ""24.00"",
            ""platform_fee"": ""4.00"",
            ""likeCount"": 161,
            ""commentCount"": 4,
            ""is_liked"": false
        },
        {
            ""id"": 996,
            ""user_id"": 4586,
            ""title"": ""picuture"",
            ""content"": ""picuture"",
            ""media_url"": ""https://theadtip.in/images/scaled_54da2258-df4b-40d1-a1ca-f3c9ee8127b88836855473784704042.jpg"",
            ""media_type"": ""image"",
            ""is_promoted"": 1,
            ""video_category_id"": 9,
            ""user_name"": ""maneesh"",
            ""user_profile_image"": ""https://file.adtip.in/adtipimages/cff14001-a6a5-41cb-8611-fad07c47d8db.jpg"",
            ""address"": ""Vizag, Andhra Pradesh, India"",
            ""category_name"": ""art & design"",
            ""post_promotion_id"": 18,
            ""target_min_age"": 12,
            ""target_max_age"": 18,
            ""reach_goal"": 20,
            ""duration_days"": 2,
            ""pay_per_view"": ""1.00"",
            ""total_pay"": ""48.00"",
            ""platform_fee"": ""8.00"",
            ""likeCount"": 1574,
            ""commentCount"": 48,
            ""is_liked"": false
        },
        {
            ""id"": 885,
            ""user_id"": 47414,
            ""title"": ""funny video "",
            ""content"": ""funny video "",
            ""media_url"": """",
            ""media_type"": ""video"",
            ""is_promoted"": 1,
            ""video_category_id"": 6,
            ""user_name"": ""pavan "",
            ""user_profile_image"": ""https://theadtip.in/images/scaled_1000004692.jpg"",
            ""address"": ""3, Hubballi, Karnataka, India-580024"",
            ""category_name"": ""comedy & memes"",
            ""post_promotion_id"": 17,
            ""target_min_age"": 17,
            ""target_max_age"": 27,
            ""reach_goal"": 20,
            ""duration_days"": 1,
            ""pay_per_view"": ""1.00"",
            ""total_pay"": ""24.00"",
            ""platform_fee"": ""4.00"",
            ""likeCount"": 2250,
            ""commentCount"": 35,
            ""is_liked"": false
        },
        {
            ""id"": 811,
            ""user_id"": 48979,
            ""title"": ""మనీ సంపాదించడమే  మీ ధ్యేయం అయితే అది లా ఆఫ్ ఎట్రాక్షన్ తో చాలా సులభం ఈ కోర్సు ను అందరికీ ఉపయోగ పడేలా చేయడం జరిగిందిhttps://classplusapp.com/w/law-of-attraction-uagwms/courses/645261"",
            ""content"": ""మనీ సంపాదించడమే  మీ ధ్యేయం అయితే అది లా ఆఫ్ ఎట్రాక్షన్ తో చాలా సులభం ఈ కోర్సు ను అందరికీ ఉపయోగ పడేలా చేయడం జరిగిందిhttps://classplusapp.com/w/law-of-attraction-uagwms/courses/645261"",
            ""media_url"": ""https://theadtip.in/images/scaled_1000359440.jpg"",
            ""media_type"": ""image"",
            ""is_promoted"": 1,
            ""video_category_id"": 30,
            ""user_name"": ""Ananta Lakshmi"",
            ""user_profile_image"": ""null"",
            ""address"": ""33-1-28/1, Palakollu, Andhra Pradesh, India-534260"",
            ""category_name"": ""motivation & self-improvement"",
            ""post_promotion_id"": 16,
            ""target_min_age"": 12,
            ""target_max_age"": 18,
            ""reach_goal"": 500,
            ""duration_days"": 1,
            ""pay_per_view"": ""1.00"",
            ""total_pay"": ""600.00"",
            ""platform_fee"": ""100.00"",
            ""likeCount"": 3183,
            ""commentCount"": 66,
            ""is_liked"": false
        },
        {
            ""id"": 810,
            ""user_id"": 48841,
            ""title"": ""Nobita and Doraemon"",
            ""content"": ""Nobita and Doraemon"",
            ""media_url"": ""https://theadtip.in/images/scaled_1000139974.webp"",
            ""media_type"": ""image"",
            ""is_promoted"": 1,
            ""video_category_id"": 13,
            ""user_name"": ""kyathi vardhan "",
            ""user_profile_image"": ""null"",
            ""address"": ""V5FP+C84, Mangalapalem, Andhra Pradesh, India-535183"",
            ""category_name"": ""creative edits"",
            ""post_promotion_id"": 15,
            ""target_min_age"": 12,
            ""target_max_age"": 20,
            ""reach_goal"": 20,
            ""duration_days"": 1,
            ""pay_per_view"": ""0.20"",
            ""total_pay"": ""4.80"",
            ""platform_fee"": ""0.80"",
            ""likeCount"": 3142,
            ""commentCount"": 66,
            ""is_liked"": false
        },
        {
            ""id"": 1059,
            ""user_id"": 56627,
            ""title"": ""hii"",
            ""content"": ""hii"",
            ""media_url"": ""https://theadtip.in/images/scaled_1000060477.jpg"",
            ""media_type"": ""image"",
            ""is_promoted"": 0,
            ""video_category_id"": 9,
            ""user_name"": null,
            ""user_profile_image"": null,
            ""address"": null,
            ""category_name"": ""art & design"",
            ""post_promotion_id"": null,
            ""target_min_age"": null,
            ""target_max_age"": null,
            ""reach_goal"": null,
            ""duration_days"": null,
            ""pay_per_view"": null,
            ""total_pay"": null,
            ""platform_fee"": null,
            ""likeCount"": 13,
            ""commentCount"": 0,
            ""is_liked"": false
        },
        {
            ""id"": 1058,
            ""user_id"": 56429,
            ""title"": ""nikhil "",
            ""content"": ""nikhil "",
            ""media_url"": ""https://theadtip.in/images/scaled_1000593477.webp"",
            ""media_type"": ""image"",
            ""is_promoted"": 0,
            ""video_category_id"": 10,
            ""user_name"": ""nikhil maurya"",
            ""user_profile_image"": ""null"",
            ""address"": ""Unnamed Road, Burhgaur, Uttar Pradesh, India-225305"",
            ""category_name"": ""digital art"",
            ""post_promotion_id"": null,
            ""target_min_age"": null,
            ""target_max_age"": null,
            ""reach_goal"": null,
            ""duration_days"": null,
            ""pay_per_view"": null,
            ""total_pay"": null,
            ""platform_fee"": null,
            ""likeCount"": 56,
            ""commentCount"": 0,
            ""is_liked"": false
        },
        {
            ""id"": 1057,
            ""user_id"": 56397,
            ""title"": ""smill\n"",
            ""content"": ""smill\n"",
            ""media_url"": ""https://theadtip.in/images/scaled_IMG-20250508-WA0000.jpg"",
            ""media_type"": ""image"",
            ""is_promoted"": 0,
            ""video_category_id"": 11,
            ""user_name"": ""lucky "",
            ""user_profile_image"": ""null"",
            ""address"": ""MX8C+P8P, Bainipur, Uttar Pradesh, India-203402"",
            ""category_name"": ""painting"",
            ""post_promotion_id"": null,
            ""target_min_age"": null,
            ""target_max_age"": null,
            ""reach_goal"": null,
            ""duration_days"": null,
            ""pay_per_view"": null,
            ""total_pay"": null,
            ""platform_fee"": null,
            ""likeCount"": 67,
            ""commentCount"": 0,
            ""is_liked"": false
        },
        {
            ""id"": 1056,
            ""user_id"": 52574,
            ""title"": ""family "",
            ""content"": ""family "",
            ""media_url"": ""https://theadtip.in/images/scaled_1000134087.jpg"",
            ""media_type"": ""image"",
            ""is_promoted"": 0,
            ""video_category_id"": 9,
            ""user_name"": ""veera"",
            ""user_profile_image"": ""null"",
            ""address"": ""Nellore, Andhra Pradesh, India"",
            ""category_name"": ""art & design"",
            ""post_promotion_id"": null,
            ""target_min_age"": null,
            ""target_max_age"": null,
            ""reach_goal"": null,
            ""duration_days"": null,
            ""pay_per_view"": null,
            ""total_pay"": null,
            ""platform_fee"": null,
            ""likeCount"": 78,
            ""commentCount"": 0,
            ""is_liked"": false
        },
        {
            ""id"": 1055,
            ""user_id"": 56314,
            ""title"": ""chilli chicken🐓"",
            ""content"": ""chilli chicken🐓"",
            ""media_url"": ""https://theadtip.in/videos/1000200522.mp4"",
            ""media_type"": ""video"",
            ""is_promoted"": 0,
            ""video_category_id"": 19,
            ""user_name"": ""Theertha"",
            ""user_profile_image"": ""null"",
            ""address"": ""F4X6+8HF, Manalur, Kerala, India-680617"",
            ""category_name"": ""vlogs & daily life"",
            ""post_promotion_id"": null,
            ""target_min_age"": null,
            ""target_max_age"": null,
            ""reach_goal"": null,
            ""duration_days"": null,
            ""pay_per_view"": null,
            ""total_pay"": null,
            ""platform_fee"": null,
            ""likeCount"": 69,
            ""commentCount"": 0,
            ""is_liked"": false
        }
    ],
    ""pagination"": {
        ""current_page"": 1,
        ""total_page"": 194,
        ""total_count"": 969
    }
}",YES,"23.media, getdetails,follow,list_post",,
,,,,,,,,,,
2.1,get commands of the post ,/posts/:postId/comments,/api/posts/1051/comments,GET,,"{
    ""status"": true,
    ""message"": ""Post comment lists"",
    ""data"": [
        {
            ""id"": 1420,
            ""postId"": 1051,
            ""user_id"": 39798,
            ""comment"": ""Ni "",
            ""created_at"": ""2025-05-08T14:21:15.000Z"",
            ""updated_at"": ""2025-05-08T14:21:15.000Z"",
            ""user_name"": ""sravani "",
            ""user_profile"": ""null""
        },
        {
            ""id"": 1422,
            ""postId"": 1051,
            ""user_id"": 56102,
            ""comment"": ""😊 thx (sravani)"",
            ""created_at"": ""2025-05-08T14:25:48.000Z"",
            ""updated_at"": ""2025-05-08T14:25:48.000Z"",
            ""user_name"": ""chetan"",
            ""user_profile"": ""null""
        },
        {
            ""id"": 1423,
            ""postId"": 1051,
            ""user_id"": 56186,
            ""comment"": ""nice "",
            ""created_at"": ""2025-05-08T14:50:12.000Z"",
            ""updated_at"": ""2025-05-08T14:50:12.000Z"",
            ""user_name"": ""Dinesh "",
            ""user_profile"": ""null""
        },
        {
            ""id"": 1424,
            ""postId"": 1051,
            ""user_id"": 31265,
            ""comment"": ""uu"",
            ""created_at"": ""2025-05-08T23:26:44.000Z"",
            ""updated_at"": ""2025-05-08T23:26:44.000Z"",
            ""user_name"": ""ankush Prajapat "",
            ""user_profile"": ""https://file.adtip.in/adtipimages/af2ebf79-c1a5-42eb-ab44-053622bea69b.jpg""
        },
        {
            ""id"": 1440,
            ""postId"": 1051,
            ""user_id"": 117,
            ""comment"": ""nyc"",
            ""created_at"": ""2025-05-18T09:40:47.000Z"",
            ""updated_at"": ""2025-05-18T09:40:47.000Z"",
            ""user_name"": ""Abdulla mondal"",
            ""user_profile"": ""https://file.adtip.in/public/userProfileImages/6a2c5514-10b1-41fb-bde0-70b86d0d341d.jpg""
        },
        {
            ""id"": 1442,
            ""postId"": 1051,
            ""user_id"": 52634,
            ""comment"": ""cb"",
            ""created_at"": ""2025-05-19T16:02:04.000Z"",
            ""updated_at"": ""2025-05-19T16:02:04.000Z"",
            ""user_name"": ""anil"",
            ""user_profile"": ""null""
        }
    ],
    ""pagination"": {
        ""current_page"": 1,
        ""limit"": 20,
        ""total_comments"": 6
    }
}",YES,"23.media, getdetails,follow,list_post",,
,,,,,,,,,,
2.2,user like for the post,/save-user-post-like,/api/save-user-post-like,POST,"{
  ""userId"": 12345,
  ""postId"": 50816,
  ""is_liked"": true
}","{
  ""postId"": 50816,
  ""is_liked"": true
}",YES,"23.media, getdetails,follow,list_post",,
,,,,,,,,,,
2.3,user comment on post,/save-user-post-comment,/save-user-post-comment,POST,"{
  ""userId"": 12345,
  ""postId"": 50816,
  ""comment"": ""Great post!""
}","{
  ""status"": true,
  ""message"": ""Comment added""
}",YES,"23.media, getdetails,follow,list_post",,
,,,,,,,,,,
3,,/check-premium/:userId,/api/check-premium/50816,GET,,"{
    ""status"": true,
    ""user_id"": ""50816"",
    ""plan_id"": 1,
    ""end_time"": ""2025-06-20 12:04:05"",
    ""is_premium_expired"": false,
    ""message"": ""Premium plan is active""
}",YES,"21.premium , check, active , withdraw",,
,,,,,,,,,,
4,,/getadpassbook/50816,/getadpassbook/50816,,,,,,,
,,,,,,,,,,
5,,getchannelbyuserid/50816,getchannelbyuserid/50816,,,"{
    ""status"": 200,
    ""message"": ""Channel details fetch successfully."",
    ""data"": [
        {
            ""channelId"": 10951,
            ""channelName"": ""viv"",
            ""description"": ""good videos"",
            ""channelUrl"": ""3.6.15.198:7082/api/channel/10951"",
            ""profileImage"": ""https://theadtip.in/images/scaled_1000332629.jpg"",
            ""profileCoverImage"": ""https://theadtip.in/images/scaled_1000038437.jpg"",
            ""totalSubscribers"": 0,
            ""totalVideos"": 0,
            ""totalShorts"": 0,
            ""createdBy"": 50816,
            ""updatedBy"": 50816,
            ""createddate"": ""2025-04-11T20:36:35.000Z"",
            ""updateddate"": ""2025-05-05T06:16:42.000Z"",
            ""total_ads_display"": 0,
            ""total_ads_like"": 0,
            ""total_ads_view"": 0,
            ""total_earnings"": 0,
            ""totalReels"": 14
        }
    ]
}",,"10.1.reels,shorts",,
,,,,,,,,,,
,,,,,,TIP-TUBE,,,,
,,,,,,,,,,
1,all videos get,/getvideos/:userid/:categoryid/:offset,/api/getvideos/50816/0/1,GET,,,YES,"10.reels,shorts",,
,,,,,,,,,,
2,,,/api/getchannelbyuserid/:userid,GET,,,YES,"10.1.reels,shorts",,
,,,,,,,,,,
3,,,/api/analytics/:channelId,GET,,,YES,,,
,,,,,,,,,,
4,,,,,,,,,,
,,,,,,,,,,
,,,,,,TIP-SHORTS,,,,
,,,,,,,,,,
1,all shorts videos get,/api/getshots/:userid,/api/getshots/50816,GET,,,YES,01.in-usage,,
,,,,,,,,,,
,,,,,,inside videos/shorts,,,,
,,,,,,,,,,
1,,/saveVideoLike,/saveVideoLike,POST,"{
      ""reelId"": 1,
      ""userId"": 50816,
      ""like"": 1,
      ""reelCreatorId"": 789
    }",,YES,"10.reels,shorts",,
,,,,,,,,,,
2,,/savevideocomment,/savevideocomment,POST,"{
      ""comment"": ""Great video!"",
      ""videoId"": 1,
      ""createdBy"": 50816,
      ""parentCommetId"": null        // null  or 123 if parent commentid is there
    }",,YES,"10.reels,shorts",,
,,,,,,,,,,
3,,/savevideocommentlike,/savevideocommentlike,POST,"{
      ""commentId"": 456,
      ""userId"": 789
    }",,YES,"10.reels,shorts",,
,,,,,,,,,,
4,,/getcommentsofvideos/:userId/:videoId,/getcommentsofvideos/50816/2,GET,,"{
    ""status"": 200,
    ""message"": ""Comment fetch successfully."",
    ""data"": [
        {
            ""id"": 6,
            ""comment"": ""hello"",
            ""video_id"": 2,
            ""parent_comment_id"": 0,
            ""comment_react"": null,
            ""comment_file"": ""null"",
            ""is_like"": null,
            ""is_unlike"": null,
            ""react_value"": null,
            ""is_react"": null,
            ""is_active"": 1,
            ""total_comment_react"": 0,
            ""total_comment_like"": 0,
            ""createdby"": 5,
            ""commentator_name"": """",
            ""commentator_image"": """",
            ""createddate"": ""2024-01-30T08:23:43.000Z"",
            ""updateddate"": null,
            ""channelId"": 41,
            ""channelName"": ""adtip"",
            ""total_channel_likes"": 0,
            ""total_channel_followers"": 0,
            ""total_channel_video"": 0,
            ""channel_profile"": ""https://theadtip.in/image/1000003173.jpg"",
            ""channelProfileCover"": ""https://theadtip.in/image/1000003173.jpg"",
            ""Children"": []
        },
        {
            ""id"": 6,
            ""comment"": ""hello"",
            ""video_id"": 2,
            ""parent_comment_id"": 0,
            ""comment_react"": null,
            ""comment_file"": ""null"",
            ""is_like"": null,
            ""is_unlike"": null,
            ""react_value"": null,
            ""is_react"": null,
            ""is_active"": 1,
            ""total_comment_react"": 0,
            ""total_comment_like"": 0,
            ""createdby"": 5,
            ""commentator_name"": """",
            ""commentator_image"": """",
            ""createddate"": ""2024-01-30T08:23:43.000Z"",
            ""updateddate"": null,
            ""channelId"": 40,
            ""channelName"": ""hello"",
            ""total_channel_likes"": 0,
            ""total_channel_followers"": 0,
            ""total_channel_video"": 0,
            ""channel_profile"": ""https://theadtip.in/image/1000033789.jpg"",
            ""channelProfileCover"": ""https://theadtip.in/image/1000033789.jpg"",
            ""Children"": []
        },
        {
            ""id"": 6,
            ""comment"": ""hello"",
            ""video_id"": 2,
            ""parent_comment_id"": 0,
            ""comment_react"": null,
            ""comment_file"": ""null"",
            ""is_like"": null,
            ""is_unlike"": null,
            ""react_value"": null,
            ""is_react"": null,
            ""is_active"": 1,
            ""total_comment_react"": 0,
            ""total_comment_like"": 0,
            ""createdby"": 5,
            ""commentator_name"": """",
            ""commentator_image"": """",
            ""createddate"": ""2024-01-30T08:23:43.000Z"",
            ""updateddate"": null,
            ""channelId"": 39,
            ""channelName"": ""hello"",
            ""total_channel_likes"": 0,
            ""total_channel_followers"": 0,
            ""total_channel_video"": 0,
            ""channel_profile"": ""https://theadtip.in/image/1000033789.jpg"",
            ""channelProfileCover"": ""https://theadtip.in/image/1000033789.jpg"",
            ""Children"": []
        }
    ]
}",YES,"10.reels,shorts",,
,,,,,,,,,,
,,,,,,,,,,
,,,,,,,,,,
,,,,,,,,,,
,,,,,,,,,,
,,,,,,,,,,
,,,,,,,,,,
,,,,,,,,,,
,,,,,,,,,,
,,,,,,TIP-CALLS,,,,
,,,,,,,,,,
1,,,/api/users,POST,"{
  ""id"": 0,
  ""page"": 1,
  ""limit"": 20,
  ""language"": [4],
  ""interest"": [2],
  ""user_id"": null,
  ""search_by_name"": """",
  ""loggined_user_id"": 50816,
  ""sortBy"": {}
}","{
    ""status"": true,
    ""message"": ""Fetched users successfully."",
    ""data"": [
        {
            ""id"": 56950,
            ""name"": ""Sandeep "",
            ""emailId"": ""saivenkatasandeep5@gmail.com"",
            ""is_available"": true,
            ""dnd"": false,
            ""updated_date"": ""2025-05-16T15:20:54.000Z"",
            ""last_active"": null,
            ""languages"": [],
            ""interests"": [],
            ""product_count"": 0,
            ""post_count"": 0,
            ""is_following"": 0,
            ""following_count"": 0,
            ""followers_count"": 0,
            ""is_blocked"": false,
            ""social_links"": [],
            ""is_active"": true,
            ""last_seen"": ""-19366s ago"",
            ""online_status"": true
        },
        {
            ""id"": 56830,
            ""name"": ""Avinash Reddy "",
            ""emailId"": ""avinashreddych7@gmail.com"",
            ""is_available"": true,
            ""dnd"": false,
            ""updated_date"": ""2025-05-16T14:40:16.000Z"",
            ""last_active"": null,
            ""languages"": [],
            ""interests"": [],
            ""product_count"": 0,
            ""post_count"": 0,
            ""is_following"": 0,
            ""following_count"": 1,
            ""followers_count"": 0,
            ""is_blocked"": false,
            ""social_links"": [],
            ""is_active"": true,
            ""last_seen"": ""-16928s ago"",
            ""online_status"": true
        },
        {
            ""id"": 56949,
            ""name"": ""Mohammad Rehan"",
            ""emailId"": ""attarirehan2023@gmail.com"",
            ""is_available"": true,
            ""dnd"": false,
            ""updated_date"": ""2025-05-16T14:23:45.000Z"",
            ""last_active"": null,
            ""languages"": [],
            ""interests"": [],
            ""product_count"": 0,
            ""post_count"": 0,
            ""is_following"": 0,
            ""following_count"": 0,
            ""followers_count"": 0,
            ""is_blocked"": false,
            ""social_links"": [],
            ""is_active"": true,
            ""last_seen"": ""-15937s ago"",
            ""online_status"": true
        },
        {
            ""id"": 56885,
            ""name"": ""sahil "",
            ""emailId"": ""7039sahil@gmail.com"",
            ""is_available"": true,
            ""dnd"": false,
            ""updated_date"": ""2025-05-16T14:16:03.000Z"",
            ""last_active"": null,
            ""languages"": [],
            ""interests"": [
                {
                    ""id"": 4,
                    ""name"": ""Prepare for upsc"",
                    ""isPrimary"": false
                }
            ],
            ""product_count"": 0,
            ""post_count"": 0,
            ""is_following"": 0,
            ""following_count"": 0,
            ""followers_count"": 0,
            ""is_blocked"": false,
            ""social_links"": [],
            ""is_active"": true,
            ""last_seen"": ""-15475s ago"",
            ""online_status"": true
        },
        {
            ""id"": 56945,
            ""name"": ""Faheem"",
            ""emailId"": ""faheembasha148@gmail.com"",
            ""is_available"": true,
            ""dnd"": false,
            ""updated_date"": ""2025-05-16T14:08:47.000Z"",
            ""last_active"": null,
            ""languages"": [],
            ""interests"": [],
            ""product_count"": 0,
            ""post_count"": 0,
            ""is_following"": 0,
            ""following_count"": 0,
            ""followers_count"": 1,
            ""is_blocked"": false,
            ""social_links"": [],
            ""is_active"": true,
            ""last_seen"": ""-15039s ago"",
            ""online_status"": true
        },
        {
            ""id"": 56946,
            ""name"": ""Alokesh Mondal "",
            ""emailId"": ""alokeshm560@gmail.com"",
            ""is_available"": true,
            ""dnd"": false,
            ""updated_date"": ""2025-05-16T14:07:05.000Z"",
            ""last_active"": null,
            ""languages"": [],
            ""interests"": [],
            ""product_count"": 0,
            ""post_count"": 0,
            ""is_following"": 0,
            ""following_count"": 0,
            ""followers_count"": 0,
            ""is_blocked"": false,
            ""social_links"": [],
            ""is_active"": true,
            ""last_seen"": ""-14937s ago"",
            ""online_status"": true
        },
        {
            ""id"": 56311,
            ""name"": ""Dhanush"",
            ""emailId"": ""dhanuyakkanti96@gmail.com"",
            ""is_available"": true,
            ""dnd"": false,
            ""updated_date"": ""2025-05-16T13:40:02.000Z"",
            ""last_active"": null,
            ""languages"": [],
            ""interests"": [],
            ""product_count"": 0,
            ""post_count"": 0,
            ""is_following"": 0,
            ""following_count"": 0,
            ""followers_count"": 0,
            ""is_blocked"": false,
            ""social_links"": [],
            ""is_active"": true,
            ""last_seen"": ""-13314s ago"",
            ""online_status"": true
        },
        {
            ""id"": 56898,
            ""name"": ""Dev Singh "",
            ""emailId"": ""chauhandevsingh85@gmail.com"",
            ""is_available"": true,
            ""dnd"": false,
            ""updated_date"": ""2025-05-16T11:49:08.000Z"",
            ""last_active"": null,
            ""languages"": [],
            ""interests"": [],
            ""product_count"": 0,
            ""post_count"": 0,
            ""is_following"": 0,
            ""following_count"": 0,
            ""followers_count"": 0,
            ""is_blocked"": false,
            ""social_links"": [],
            ""is_active"": true,
            ""last_seen"": ""-6660s ago"",
            ""online_status"": true
        },
        {
            ""id"": 56897,
            ""name"": ""Rajesh Singha "",
            ""emailId"": ""rajeshsingha945@gmail.com"",
            ""is_available"": true,
            ""dnd"": false,
            ""updated_date"": ""2025-05-16T11:42:54.000Z"",
            ""last_active"": null,
            ""languages"": [],
            ""interests"": [],
            ""product_count"": 0,
            ""post_count"": 0,
            ""is_following"": 0,
            ""following_count"": 0,
            ""followers_count"": 0,
            ""is_blocked"": false,
            ""social_links"": [],
            ""is_active"": true,
            ""last_seen"": ""-6286s ago"",
            ""online_status"": true
        },
        {
            ""id"": 56896,
            ""name"": ""ZIYAURRAHMAN"",
            ""emailId"": ""hypergamingg000@gmail.com"",
            ""is_available"": true,
            ""dnd"": false,
            ""updated_date"": ""2025-05-16T11:35:43.000Z"",
            ""last_active"": null,
            ""languages"": [],
            ""interests"": [],
            ""product_count"": 0,
            ""post_count"": 0,
            ""is_following"": 0,
            ""following_count"": 0,
            ""followers_count"": 0,
            ""is_blocked"": false,
            ""social_links"": [],
            ""is_active"": true,
            ""last_seen"": ""-5855s ago"",
            ""online_status"": true
        },
        {
            ""id"": 56894,
            ""name"": ""shafi "",
            ""emailId"": ""sk.mohammadshafi3044@gmail.com"",
            ""is_available"": true,
            ""dnd"": false,
            ""updated_date"": ""2025-05-16T11:18:51.000Z"",
            ""last_active"": null,
            ""languages"": [],
            ""interests"": [],
            ""product_count"": 0,
            ""post_count"": 0,
            ""is_following"": 0,
            ""following_count"": 0,
            ""followers_count"": 0,
            ""is_blocked"": false,
            ""social_links"": [],
            ""is_active"": true,
            ""last_seen"": ""-4843s ago"",
            ""online_status"": true
        },
        {
            ""id"": 56890,
            ""name"": ""Shahid lone "",
            ""emailId"": ""shahidlone01216@gmail.com"",
            ""is_available"": true,
            ""dnd"": false,
            ""updated_date"": ""2025-05-16T10:30:01.000Z"",
            ""last_active"": null,
            ""languages"": [],
            ""interests"": [],
            ""product_count"": 0,
            ""post_count"": 0,
            ""is_following"": 0,
            ""following_count"": 0,
            ""followers_count"": 0,
            ""is_blocked"": false,
            ""social_links"": [],
            ""is_active"": true,
            ""last_seen"": ""-1913s ago"",
            ""online_status"": true
        },
        {
            ""id"": 56955,
            ""name"": null,
            ""emailId"": null,
            ""is_available"": true,
            ""dnd"": false,
            ""updated_date"": ""2025-05-16T09:57:16.000Z"",
            ""last_active"": null,
            ""languages"": [],
            ""interests"": [],
            ""product_count"": 0,
            ""post_count"": 0,
            ""is_following"": 0,
            ""following_count"": 0,
            ""followers_count"": 0,
            ""is_blocked"": false,
            ""social_links"": [],
            ""is_active"": true,
            ""last_seen"": ""51s ago"",
            ""online_status"": true
        },
        {
            ""id"": 56954,
            ""name"": null,
            ""emailId"": null,
            ""is_available"": true,
            ""dnd"": false,
            ""updated_date"": ""2025-05-16T09:54:16.000Z"",
            ""last_active"": null,
            ""languages"": [],
            ""interests"": [],
            ""product_count"": 0,
            ""post_count"": 0,
            ""is_following"": 0,
            ""following_count"": 0,
            ""followers_count"": 0,
            ""is_blocked"": false,
            ""social_links"": [],
            ""is_active"": true,
            ""last_seen"": ""3 minutes ago"",
            ""online_status"": true
        },
        {
            ""id"": 56888,
            ""name"": ""charan"",
            ""emailId"": ""laxmancheran01@gmail.com"",
            ""is_available"": true,
            ""dnd"": false,
            ""updated_date"": ""2025-05-16T09:46:57.000Z"",
            ""last_active"": null,
            ""languages"": [],
            ""interests"": [],
            ""product_count"": 0,
            ""post_count"": 0,
            ""is_following"": 0,
            ""following_count"": 0,
            ""followers_count"": 0,
            ""is_blocked"": false,
            ""social_links"": [],
            ""is_active"": false,
            ""last_seen"": ""11 minutes ago"",
            ""online_status"": false
        },
        {
            ""id"": 56887,
            ""name"": ""mohit"",
            ""emailId"": ""mohitweets.com@gmail.com"",
            ""is_available"": true,
            ""dnd"": false,
            ""updated_date"": ""2025-05-16T09:40:22.000Z"",
            ""last_active"": null,
            ""languages"": [],
            ""interests"": [],
            ""product_count"": 0,
            ""post_count"": 0,
            ""is_following"": 0,
            ""following_count"": 0,
            ""followers_count"": 0,
            ""is_blocked"": false,
            ""social_links"": [],
            ""is_active"": false,
            ""last_seen"": ""17 minutes ago"",
            ""online_status"": false
        },
        {
            ""id"": 56886,
            ""name"": ""karthik "",
            ""emailId"": ""mahesh wari"",
            ""is_available"": true,
            ""dnd"": false,
            ""updated_date"": ""2025-05-16T09:33:01.000Z"",
            ""last_active"": null,
            ""languages"": [],
            ""interests"": [],
            ""product_count"": 0,
            ""post_count"": 0,
            ""is_following"": 0,
            ""following_count"": 0,
            ""followers_count"": 0,
            ""is_blocked"": false,
            ""social_links"": [],
            ""is_active"": false,
            ""last_seen"": ""25 minutes ago"",
            ""online_status"": false
        },
        {
            ""id"": 56953,
            ""name"": null,
            ""emailId"": null,
            ""is_available"": true,
            ""dnd"": false,
            ""updated_date"": ""2025-05-16T09:17:56.000Z"",
            ""last_active"": null,
            ""languages"": [],
            ""interests"": [],
            ""product_count"": 0,
            ""post_count"": 0,
            ""is_following"": 0,
            ""following_count"": 0,
            ""followers_count"": 0,
            ""is_blocked"": false,
            ""social_links"": [],
            ""is_active"": false,
            ""last_seen"": ""40 minutes ago"",
            ""online_status"": false
        },
        {
            ""id"": 56952,
            ""name"": null,
            ""emailId"": null,
            ""is_available"": true,
            ""dnd"": false,
            ""updated_date"": ""2025-05-16T08:59:31.000Z"",
            ""last_active"": null,
            ""languages"": [],
            ""interests"": [],
            ""product_count"": 0,
            ""post_count"": 0,
            ""is_following"": 0,
            ""following_count"": 0,
            ""followers_count"": 0,
            ""is_blocked"": false,
            ""social_links"": [],
            ""is_active"": false,
            ""last_seen"": ""58 minutes ago"",
            ""online_status"": false
        },
        {
            ""id"": 56951,
            ""name"": null,
            ""emailId"": null,
            ""is_available"": true,
            ""dnd"": false,
            ""updated_date"": ""2025-05-16T08:57:44.000Z"",
            ""last_active"": null,
            ""languages"": [],
            ""interests"": [],
            ""product_count"": 0,
            ""post_count"": 0,
            ""is_following"": 0,
            ""following_count"": 0,
            ""followers_count"": 0,
            ""is_blocked"": false,
            ""social_links"": [],
            ""is_active"": false,
            ""last_seen"": ""1 hr ago"",
            ""online_status"": false
        }
    ],
    ""pagination"": {
        ""page"": 1,
        ""limit"": 20,
        ""totalRecords"": 20
    }
}",YES,"18.utils,users",,
,,,,,,,,,,
2,,,/api/allusers,POST,"{
  ""id"": 0,
  ""page"": 1,
  ""limit"": 50,
  ""language"": [],               // Empty array to ignore language filter
  ""interest"": [],               // Empty array to ignore interest filter
  ""user_id"": null,
  ""search_by_name"": """",
  ""loggined_user_id"": 50816,   // it should be dynamic based on the userid login
  ""sortBy"": {}
}","{
    ""status"": true,
    ""message"": ""Fetched all users successfully."",
    ""data"": [
        {
            ""id"": 56950,
            ""name"": ""Sandeep "",
            ""emailId"": ""saivenkatasandeep5@gmail.com"",
            ""is_available"": true,
            ""dnd"": false,
            ""updated_date"": ""2025-05-16T15:20:54.000Z"",
            ""last_active"": null,
            ""languages"": [
                {
                    ""id"": 4,
                    ""name"": ""telugu"",
                    ""isPrimary"": false
                }
            ],
            ""interests"": [
                {
                    ""id"": 11,
                    ""name"": ""Prepare for jobs"",
                    ""isPrimary"": false
                },
                {
                    ""id"": 2,
                    ""name"": ""Look for jobs"",
                    ""isPrimary"": false
                },
                {
                    ""id"": 5,
                    ""name"": ""To learn English"",
                    ""isPrimary"": false
                },
                {
                    ""id"": 6,
                    ""name"": ""To learn Hindi"",
                    ""isPrimary"": false
                },
                {
                    ""id"": 7,
                    ""name"": ""To learn software"",
                    ""isPrimary"": false
                },
                {
                    ""id"": 8,
                    ""name"": ""To learn AI"",
                    ""isPrimary"": false
                }
            ],
            ""product_count"": 0,
            ""post_count"": 0,
            ""is_following"": 0,
            ""following_count"": 0,
            ""followers_count"": 0,
            ""is_blocked"": false,
            ""social_links"": [],
            ""is_active"": true,
            ""last_seen"": ""just now"",
            ""online_status"": true
        },
        {
            ""id"": 56830,
            ""name"": ""Avinash Reddy "",
            ""emailId"": ""avinashreddych7@gmail.com"",
            ""is_available"": true,
            ""dnd"": false,
            ""updated_date"": ""2025-05-16T14:40:16.000Z"",
            ""last_active"": null,
            ""languages"": [
                {
                    ""id"": 12,
                    ""name"": ""english"",
                    ""isPrimary"": false
                },
                {
                    ""id"": 4,
                    ""name"": ""telugu"",
                    ""isPrimary"": false
                }
            ],
            ""interests"": [
                {
                    ""id"": 1,
                    ""name"": ""Prepare for govt job"",
                    ""isPrimary"": false
                },
                {
                    ""id"": 13,
                    ""name"": ""To learn something new"",
                    ""isPrimary"": false
                },
                {
                    ""id"": 2,
                    ""name"": ""Look for jobs"",
                    ""isPrimary"": false
                },
                {
                    ""id"": 20,
                    ""name"": ""Sports"",
                    ""isPrimary"": false
                },
                {
                    ""id"": 29,
                    ""name"": ""Spirituality and Religion"",
                    ""isPrimary"": false
                },
                {
                    ""id"": 48,
                    ""name"": ""Astrology"",
                    ""isPrimary"": false
                }
            ],
            ""product_count"": 0,
            ""post_count"": 0,
            ""is_following"": 0,
            ""following_count"": 1,
            ""followers_count"": 0,
            ""is_blocked"": false,
            ""social_links"": [],
            ""is_active"": true,
            ""last_seen"": ""just now"",
            ""online_status"": true
        },",yes,"18.utils,users",,
,,,  ,,,,,,,
,,,,,,,,,,
,,,,,,profile page,,,,
,,,,,,,,,,
1,,/user-premium-plans/:userid,/user-premium-plans/50816,GET,,,yes,,,
,,,,,,,,,,
2,,/content-premium-plans/:userid,/content-premium-plans/50816,GET,,,,,,
,,,,,,,,,,
,,,,,,,,,,
,,,,,,,,,,
,,,,,,,,,,
3,,/follow/:type/:user_id,/api/follow/followings/50816,GET,,"{
    ""status"": true,
    ""type"": ""followings"",
    ""data"": [
        {
            ""id"": 50639,
            ""name"": ""kovvidi bhuvaneswari "",
            ""profile_image"": ""null""
        },
        {
            ""id"": 51102,
            ""name"": ""ajay"",
            ""profile_image"": ""null""
        },
        {
            ""id"": 51038,
            ""name"": ""Sukanya "",
            ""profile_image"": ""null""
        },
        {
            ""id"": 4586,
            ""name"": ""maneesh"",
            ""profile_image"": ""https://file.adtip.in/adtipimages/cff14001-a6a5-41cb-8611-fad07c47d8db.jpg""
        },
        {
            ""id"": 51776,
            ""name"": ""Aparna"",
            ""profile_image"": ""null""
        }
    ]
}",YES,"23.media, getdetails,follow,list_post",,
,,,,,,,,,,
4,,/follow/:type/:user_id,/api/follow/followers/50816,GET,,"{
    ""status"": true,
    ""type"": ""followers"",
    ""data"": [
        {
            ""id"": 51713,
            ""name"": ""salman"",
            ""profile_image"": ""null"",
            ""is_followed"": 0
        },
        {
            ""id"": 51959,
            ""name"": ""khushi "",
            ""profile_image"": null,
            ""is_followed"": 0
        },
        {
            ""id"": 30235,
            ""name"": ""krushna"",
            ""profile_image"": ""https://file.adtip.in/adtipimages/f68094ba-56cd-43d5-a06f-2a5d110939d6.jpg"",
            ""is_followed"": 0
        },
        {
            ""id"": 52072,
            ""name"": ""gnanendra "",
            ""profile_image"": ""null"",
            ""is_followed"": 0
        },
        {
            ""id"": 52078,
            ""name"": ""divyansh "",
            ""profile_image"": ""null"",
            ""is_followed"": 0
        },
        {
            ""id"": 52213,
            ""name"": ""narendra"",
            ""profile_image"": ""null"",
            ""is_followed"": 0
        },
        {
            ""id"": 28533,
            ""name"": ""nigel"",
            ""profile_image"": ""https://file.adtip.in/adtipimages/c1e5fdbb-a942-413d-aaf6-42cc824386b2.jpg"",
            ""is_followed"": 0
        },
        {
            ""id"": 53067,
            ""name"": ""sai"",
            ""profile_image"": ""null"",
            ""is_followed"": 0
        },
        {
            ""id"": 53402,
            ""name"": ""battula yashwanth "",
            ""profile_image"": ""null"",
            ""is_followed"": 0
        },
        {
            ""id"": 53641,
            ""name"": ""naresh"",
            ""profile_image"": ""null"",
            ""is_followed"": 0
        },
        {
            ""id"": 53599,
            ""name"": ""e shalem "",
            ""profile_image"": ""null"",
            ""is_followed"": 0
        },
        {
            ""id"": 52932,
            ""name"": ""Ahji"",
            ""profile_image"": ""null"",
            ""is_followed"": 0
        },
        {
            ""id"": 53657,
            ""name"": ""Vakapalli Srikanth "",
            ""profile_image"": ""null"",
            ""is_followed"": 0
        },
        {
            ""id"": 54732,
            ""name"": null,
            ""profile_image"": null,
            ""is_followed"": 0
        },
        {
            ""id"": 55286,
            ""name"": ""Kollaparthi Venkata Krishna"",
            ""profile_image"": ""null"",
            ""is_followed"": 0
        },
        {
            ""id"": 55943,
            ""name"": ""ravi"",
            ""profile_image"": ""null"",
            ""is_followed"": 0
        },
        {
            ""id"": 56062,
            ""name"": ""Subashsethi"",
            ""profile_image"": ""null"",
            ""is_followed"": 0
        },
        {
            ""id"": 56091,
            ""name"": ""krish "",
            ""profile_image"": ""null"",
            ""is_followed"": 0
        },
        {
            ""id"": 56518,
            ""name"": ""Utkarsh singh bhadauriya "",
            ""profile_image"": ""null"",
            ""is_followed"": 0
        }
    ]
}",YES,"23.media, getdetails,follow,list_post",,
,,,,,,,,,,
5,,api/users/:userId/posts,/api/users/50816/posts?page=1&limit=10&loggined_user_id=50816,GET,,"{
    ""status"": true,
    ""message"": ""User posts retrieved successfully."",
    ""data"": [
        {
            ""id"": 1094,
            ""user_id"": 50816,
            ""name"": ""vivek"",
            ""address"": ""456 Main St"",
            ""user_profile_image"": ""https://theadtip.in/images/scaled_1000307317.jpg"",
            ""title"": ""crispy baby corn 😋"",
            ""media_url"": ""https://theadtip.in/images/scaled_1000354523.jpg"",
            ""media_type"": ""image"",
            ""is_promoted"": 0,
            ""video_category_id"": 28,
            ""content"": ""crispy baby corn 😋"",
            ""target_locations"": null,
            ""created_at"": ""2025-05-28T16:37:13.000Z"",
            ""updated_at"": ""2025-05-28T16:37:13.000Z"",
            ""likeCount"": 30,
            ""commentCount"": 0,
            ""is_liked"": false,
            ""post_target_locations"": null
        },
        {
            ""id"": 1043,
            ""user_id"": 50816,
            ""name"": ""vivek"",
            ""address"": ""456 Main St"",
            ""user_profile_image"": ""https://theadtip.in/images/scaled_1000307317.jpg"",
            ""title"": ""rainy"",
            ""media_url"": ""https://theadtip.in/videos/1000333181.mp4"",
            ""media_type"": ""video"",
            ""is_promoted"": 0,
            ""video_category_id"": 24,
            ""content"": ""rainy"",
            ""target_locations"": null,
            ""created_at"": ""2025-05-04T21:34:25.000Z"",
            ""updated_at"": ""2025-05-04T21:34:25.000Z"",
            ""likeCount"": 91,
            ""commentCount"": 1,
            ""is_liked"": false,
            ""post_target_locations"": null
        }
    ],
    ""pagination"": {
        ""current_page"": 1,
        ""limit"": 2,
        ""total_posts"": 4
    }
}",YES,"23.media, getdetails,follow,list_post",,
,,,,,,,,,,
6,,,,,,,,,,
,,,,,,,,,,
Refer & Earn,,,,,,,,,,
*,,,,,,,,,,
1,,/api/referral/details/:userid,/api/referral/details/50816,GET,,"{
    ""status"": true,
    ""message"": ""Referral details fetched successfully."",
    ""data"": {
        ""referral_code"": ""ADTIP508167A"",
        ""total_referrals"": 0,
        ""total_referrals_earnings"": 0,
        ""total_referral_withdrawals_amount"": 0,
        ""available_referral_balance"": 0,
        ""each_referral"": 3,
        ""total_premiums"": 0,
        ""total_premium_earnings"": 0,
        ""total_coupon_withdrawals_amount"": 0,
        ""available_coupon_balance"": 0,
        ""coupon_code"": null,
        ""each_coupon"": 30
    }
}",YES,20.coupon,,
,,,,,,,,,,
,,,,,,,,,,
,,,,,,,,,,
,,,,,,other users Profile Page,,,,
,,,,,,,,,,
1.1,for following the user ,/api/follow-user,/api/follow-user,POST,"{
  ""followingId"": 50816,
  ""followerId"": 12345,
  ""action"": ""follow""
}",,YES,"23.media, getdetails,follow,list_post",,
,,,,,,,,,,
1.2,for UNfollowing the user ,/api/follow-user,/api/follow-user,POST,"{
  ""followingId"": 50816,
  ""followerId"": 12345,
  ""action"": ""unfollow""
}",,YES,"23.media, getdetails,follow,list_post",,
2,for seeing users post,/api/users/:userid/posts,/api/users/4586/posts?page=1&limit=10&loggined_user_id=50816,GET,,"{
    ""status"": true,
    ""message"": ""User posts retrieved successfully."",
    ""data"": [
        {
            ""id"": 996,
            ""user_id"": 4586,
            ""name"": ""maneesh"",
            ""address"": ""Vizag, Andhra Pradesh, India"",
            ""user_profile_image"": ""https://file.adtip.in/adtipimages/cff14001-a6a5-41cb-8611-fad07c47d8db.jpg"",
            ""title"": ""picuture"",
            ""media_url"": ""https://theadtip.in/images/scaled_54da2258-df4b-40d1-a1ca-f3c9ee8127b88836855473784704042.jpg"",
            ""media_type"": ""image"",
            ""is_promoted"": 1,
            ""video_category_id"": 9,
            ""content"": ""picuture"",
            ""target_locations"": ""[{\""id\"":1,\""name\"":\""Lal Darwaja Station Rd, Suryapur Gate, Varachha, Surat, Gujarat 395003, India\""}]"",
            ""created_at"": ""2025-04-28T14:58:52.000Z"",
            ""updated_at"": ""2025-04-28T14:58:52.000Z"",
            ""promotion_details"": {
                ""total_pay"": ""48.00"",
                ""reach_goal"": 20,
                ""pay_per_view"": ""1.00"",
                ""platform_fee"": ""8.00"",
                ""duration_days"": 2,
                ""target_max_age"": 18,
                ""target_min_age"": 12,
                ""post_promotion_id"": 18
            },
            ""likeCount"": 1695,
            ""commentCount"": 48,
            ""is_liked"": false,
            ""post_target_locations"": [
                {
                    ""id"": 1,
                    ""name"": ""Lal Darwaja Station Rd, Suryapur Gate, Varachha, Surat, Gujarat 395003, India""
                }
            ]
        },
        {
            ""id"": 927,
            ""user_id"": 4586,
            ""name"": ""maneesh"",
            ""address"": ""Vizag, Andhra Pradesh, India"",
            ""user_profile_image"": ""https://file.adtip.in/adtipimages/cff14001-a6a5-41cb-8611-fad07c47d8db.jpg"",
            ""title"": ""hi "",
            ""media_url"": ""https://theadtip.in/images/scaled_1000054448.jpg"",
            ""media_type"": ""image"",
            ""is_promoted"": 0,
            ""video_category_id"": 9,
            ""content"": ""hi "",
            ""target_locations"": null,
            ""created_at"": ""2025-04-17T20:45:26.000Z"",
            ""updated_at"": ""2025-04-17T20:45:26.000Z"",
            ""likeCount"": 206,
            ""commentCount"": 0,
            ""is_liked"": false,
            ""post_target_locations"": null
        },
        {
            ""id"": 735,
            ""user_id"": 4586,
            ""name"": ""maneesh"",
            ""address"": ""Vizag, Andhra Pradesh, India"",
            ""user_profile_image"": ""https://file.adtip.in/adtipimages/cff14001-a6a5-41cb-8611-fad07c47d8db.jpg"",
            ""title"": ""Call to earn coming soon...."",
            ""media_url"": ""https://theadtip.in/images/scaled_1000040695.jpg"",
            ""media_type"": ""image"",
            ""is_promoted"": 1,
            ""video_category_id"": 41,
            ""content"": ""Call to earn coming soon...."",
            ""target_locations"": ""[{\""id\"":1,\""name\"":\""India\""}]"",
            ""created_at"": ""2025-03-07T13:22:53.000Z"",
            ""updated_at"": ""2025-03-07T13:22:53.000Z"",
            ""promotion_details"": {
                ""total_pay"": ""144.00"",
                ""reach_goal"": 100,
                ""pay_per_view"": ""0.60"",
                ""platform_fee"": ""24.00"",
                ""duration_days"": 2,
                ""target_max_age"": 30,
                ""target_min_age"": 8,
                ""post_promotion_id"": 14
            },
            ""likeCount"": 2031,
            ""commentCount"": 20,
            ""is_liked"": true,
            ""post_target_locations"": [
                {
                    ""id"": 1,
                    ""name"": ""India""
                }
            ]
        },
        {
            ""id"": 73,
            ""user_id"": 4586,
            ""name"": ""maneesh"",
            ""address"": ""Vizag, Andhra Pradesh, India"",
            ""user_profile_image"": ""https://file.adtip.in/adtipimages/cff14001-a6a5-41cb-8611-fad07c47d8db.jpg"",
            ""title"": ""like to earn.... upgrade premium to earn more money.... share to earn more users"",
            ""media_url"": ""https://theadtip.in/videos/1000034894.mp4"",
            ""media_type"": ""video"",
            ""is_promoted"": 1,
            ""video_category_id"": 41,
            ""content"": ""like to earn.... upgrade premium to earn more money.... share to earn more users"",
            ""target_locations"": ""[{\""id\"":1,\""name\"":\""India\""}]"",
            ""created_at"": ""2025-02-17T13:46:08.000Z"",
            ""updated_at"": ""2025-02-17T13:46:08.000Z"",
            ""promotion_details"": {
                ""total_pay"": ""14.40"",
                ""reach_goal"": 20,
                ""pay_per_view"": ""0.60"",
                ""platform_fee"": ""2.40"",
                ""duration_days"": 1,
                ""target_max_age"": 30,
                ""target_min_age"": 8,
                ""post_promotion_id"": 9
            },
            ""likeCount"": 3435,
            ""commentCount"": 18,
            ""is_liked"": true,
            ""post_target_locations"": [
                {
                    ""id"": 1,
                    ""name"": ""India""
                }
            ]
        },
        {
            ""id"": 47,
            ""user_id"": 4586,
            ""name"": ""maneesh"",
            ""address"": ""Vizag, Andhra Pradesh, India"",
            ""user_profile_image"": ""https://file.adtip.in/adtipimages/cff14001-a6a5-41cb-8611-fad07c47d8db.jpg"",
            ""title"": ""watch to earn.... let upgrade premium for more money"",
            ""media_url"": ""https://theadtip.in/videos/1000034894.mp4"",
            ""media_type"": ""video"",
            ""is_promoted"": 1,
            ""video_category_id"": 41,
            ""content"": ""watch to earn.... let upgrade premium for more money"",
            ""target_locations"": ""[{\""id\"":1,\""name\"":\""India\""}]"",
            ""created_at"": ""2025-02-15T17:41:30.000Z"",
            ""updated_at"": ""2025-02-15T17:41:30.000Z"",
            ""promotion_details"": {
                ""total_pay"": ""48.00"",
                ""reach_goal"": 20,
                ""pay_per_view"": ""1.00"",
                ""platform_fee"": ""8.00"",
                ""duration_days"": 2,
                ""target_max_age"": 40,
                ""target_min_age"": 8,
                ""post_promotion_id"": 5
            },
            ""likeCount"": 2552,
            ""commentCount"": 12,
            ""is_liked"": false,
            ""post_target_locations"": [
                {
                    ""id"": 1,
                    ""name"": ""India""
                }
            ]
        },
        {
            ""id"": 39,
            ""user_id"": 4586,
            ""name"": ""maneesh"",
            ""address"": ""Vizag, Andhra Pradesh, India"",
            ""user_profile_image"": ""https://file.adtip.in/adtipimages/cff14001-a6a5-41cb-8611-fad07c47d8db.jpg"",
            ""title"": ""watch to earn "",
            ""media_url"": ""https://theadtip.in/images/scaled_1000034856.jpg"",
            ""media_type"": ""image"",
            ""is_promoted"": 0,
            ""video_category_id"": 41,
            ""content"": ""watch to earn "",
            ""target_locations"": null,
            ""created_at"": ""2025-02-15T17:41:30.000Z"",
            ""updated_at"": ""2025-02-15T17:41:30.000Z"",
            ""likeCount"": 289,
            ""commentCount"": 1,
            ""is_liked"": false,
            ""post_target_locations"": null
        },
        {
            ""id"": 35,
            ""user_id"": 4586,
            ""name"": ""maneesh"",
            ""address"": ""Vizag, Andhra Pradesh, India"",
            ""user_profile_image"": ""https://file.adtip.in/adtipimages/cff14001-a6a5-41cb-8611-fad07c47d8db.jpg"",
            ""title"": ""hu"",
            ""media_url"": ""https://theadtip.in/images/scaled_1000060983.jpg"",
            ""media_type"": ""image"",
            ""is_promoted"": 1,
            ""video_category_id"": 9,
            ""content"": ""hu"",
            ""target_locations"": ""[]"",
            ""created_at"": ""2025-02-15T17:41:30.000Z"",
            ""updated_at"": ""2025-02-15T17:41:30.000Z"",
            ""promotion_details"": {
                ""total_pay"": ""0.00"",
                ""reach_goal"": 0,
                ""pay_per_view"": ""0.00"",
                ""platform_fee"": ""0.00"",
                ""duration_days"": 0,
                ""target_max_age"": 18,
                ""target_min_age"": 12,
                ""post_promotion_id"": 2
            },
            ""likeCount"": 3851,
            ""commentCount"": 31,
            ""is_liked"": false,
            ""post_target_locations"": []
        },
        {
            ""id"": 1,
            ""user_id"": 4586,
            ""name"": ""maneesh"",
            ""address"": ""Vizag, Andhra Pradesh, India"",
            ""user_profile_image"": ""https://file.adtip.in/adtipimages/cff14001-a6a5-41cb-8611-fad07c47d8db.jpg"",
            ""title"": ""adtip"",
            ""media_url"": ""https://theadtip.in/images/scaled_1000034735.jpg"",
            ""media_type"": ""image"",
            ""is_promoted"": 0,
            ""video_category_id"": 41,
            ""content"": ""adtip"",
            ""target_locations"": null,
            ""created_at"": ""2025-02-15T12:23:44.000Z"",
            ""updated_at"": ""2025-02-15T12:23:44.000Z"",
            ""likeCount"": 246,
            ""commentCount"": 3,
            ""is_liked"": false,
            ""post_target_locations"": null
        }
    ],
    ""pagination"": {
        ""current_page"": 1,
        ""limit"": 10,
        ""total_posts"": 8
    }
}",,,,
,,,,,,,,,,
3,for seeing following of user,/follow/:type/:user_id,/api/follow/followings/4586,GET,,"{
    ""status"": true,
    ""type"": ""followings"",
    ""data"": [
        {
            ""id"": 50639,
            ""name"": ""kovvidi bhuvaneswari "",
            ""profile_image"": ""null""
        },
        {
            ""id"": 51102,
            ""name"": ""ajay"",
            ""profile_image"": ""null""
        },
        {
            ""id"": 51038,
            ""name"": ""Sukanya "",
            ""profile_image"": ""null""
        },
        {
            ""id"": 4586,
            ""name"": ""maneesh"",
            ""profile_image"": ""https://file.adtip.in/adtipimages/cff14001-a6a5-41cb-8611-fad07c47d8db.jpg""
        },
        {
            ""id"": 51776,
            ""name"": ""Aparna"",
            ""profile_image"": ""null""
        }
    ]
}",YES,"23.media, getdetails,follow,list_post",,
,,,,,,,,,,
4,for seeing followers of users ,/follow/:type/:user_id,/api/follow/followers/4586,GET,,"{
    ""status"": true,
    ""type"": ""followers"",
    ""data"": [
        {
            ""id"": 51713,
            ""name"": ""salman"",
            ""profile_image"": ""null"",
            ""is_followed"": 0
        },
        {
            ""id"": 51959,
            ""name"": ""khushi "",
            ""profile_image"": null,
            ""is_followed"": 0
        },
        {
            ""id"": 30235,
            ""name"": ""krushna"",
            ""profile_image"": ""https://file.adtip.in/adtipimages/f68094ba-56cd-43d5-a06f-2a5d110939d6.jpg"",
            ""is_followed"": 0
        },
        {
            ""id"": 52072,
            ""name"": ""gnanendra "",
            ""profile_image"": ""null"",
            ""is_followed"": 0
        },
        {
            ""id"": 52078,
            ""name"": ""divyansh "",
            ""profile_image"": ""null"",
            ""is_followed"": 0
        },
        {
            ""id"": 52213,
            ""name"": ""narendra"",
            ""profile_image"": ""null"",
            ""is_followed"": 0
        },
        {
            ""id"": 28533,
            ""name"": ""nigel"",
            ""profile_image"": ""https://file.adtip.in/adtipimages/c1e5fdbb-a942-413d-aaf6-42cc824386b2.jpg"",
            ""is_followed"": 0
        },
        {
            ""id"": 53067,
            ""name"": ""sai"",
            ""profile_image"": ""null"",
            ""is_followed"": 0
        },
        {
            ""id"": 53402,
            ""name"": ""battula yashwanth "",
            ""profile_image"": ""null"",
            ""is_followed"": 0
        },
        {
            ""id"": 53641,
            ""name"": ""naresh"",
            ""profile_image"": ""null"",
            ""is_followed"": 0
        },
        {
            ""id"": 53599,
            ""name"": ""e shalem "",
            ""profile_image"": ""null"",
            ""is_followed"": 0
        },
        {
            ""id"": 52932,
            ""name"": ""Ahji"",
            ""profile_image"": ""null"",
            ""is_followed"": 0
        },
        {
            ""id"": 53657,
            ""name"": ""Vakapalli Srikanth "",
            ""profile_image"": ""null"",
            ""is_followed"": 0
        },
        {
            ""id"": 54732,
            ""name"": null,
            ""profile_image"": null,
            ""is_followed"": 0
        },
        {
            ""id"": 55286,
            ""name"": ""Kollaparthi Venkata Krishna"",
            ""profile_image"": ""null"",
            ""is_followed"": 0
        },
        {
            ""id"": 55943,
            ""name"": ""ravi"",
            ""profile_image"": ""null"",
            ""is_followed"": 0
        },
        {
            ""id"": 56062,
            ""name"": ""Subashsethi"",
            ""profile_image"": ""null"",
            ""is_followed"": 0
        },
        {
            ""id"": 56091,
            ""name"": ""krish "",
            ""profile_image"": ""null"",
            ""is_followed"": 0
        },
        {
            ""id"": 56518,
            ""name"": ""Utkarsh singh bhadauriya "",
            ""profile_image"": ""null"",
            ""is_followed"": 0
        }
    ]
}",YES,"23.media, getdetails,follow,list_post",,
,,,,,,inside wallet ,,,,
,,,,,,,,,,
1,,/api/getfunds/:userid,/api/getfunds/50816,GET,,"{
    ""status"": 200,
    ""message"": ""Fetched latest balance successfully."",
    ""availableBalance"": ""204.59""
}",yes,"06.add_funds,user,master,add_funds",,
,,,,,,,,,,
2,,/api/user-premium-plans/:userid,/api/user-premium-plans/50816,GET,,"{
    ""status"": true,
    ""message"": ""User premium plans fetched successfully"",
    ""data"": [
        {
            ""id"": 413,
            ""plan_id"": 1,
            ""amount"": null,
            ""start_time"": ""2025-04-18T17:53:18.000Z"",
            ""end_time"": ""2025-05-18T17:53:18.000Z"",
            ""status"": ""expired"",
            ""created_at"": ""2025-04-14T15:51:33.000Z"",
            ""plan_name"": ""1 Month Plan"",
            ""duration_in_months"": 1,
            ""actual_price"": 200
        },
        {
            ""id"": 495,
            ""plan_id"": 1,
            ""amount"": null,
            ""start_time"": ""2025-05-20T06:34:05.000Z"",
            ""end_time"": ""2025-06-20T06:34:05.000Z"",
            ""status"": ""active"",
            ""created_at"": ""2025-04-30T14:04:07.000Z"",
            ""plan_name"": ""1 Month Plan"",
            ""duration_in_months"": 1,
            ""actual_price"": 200
        }
    ]
}",YES,"21.premium , check, active , withdraw",,
,,,,,,,,,,
,,,,,,,,,,
,,,,,,,,,,
,,,,,,,,,,
,,,,,,,,,,
,,,,,,,,,,
,,,,,,,,,,
,,,,,,,,,,
,,,,,,,,,,
,,,,,,,,,,
,,,,,,,,,,
,,,,,,,,,,
,,,,,,,,,,
,,,,,,,,,,
,,,,,,,,,,
,,,,,,upload post,,,,
,,,,,,,,,,
1,"upload post , (non promoted",/api/post,/api/post,POST,"{
  ""user_id"": 123,
  ""title"": ""My First Post"",
  ""content"": ""This is a sample non-promoted post."",
  ""media_url"": ""https://theadtip.in/videos/sample.mp4"",
  ""media_type"": ""video"",  // or image 
  ""is_promoted"": false,
  ""video_category_id"": 5,
  ""start_date"": ""2025-05-28"",
  ""end_date"": ""2025-06-01""
}","{
  ""status"": true,
  ""statusCode"": 201,
  ""message"": ""Post created successfully"",
  ""data"": {
    ""post_id"": 456,
    ""user_id"": 123,
    ""title"": ""My First Post"",
    ""is_promoted"": false
  }
}",YES,"23.media, getdetails,follow,list_post",,
,,,,,,,,,,
2,"upload post , (promoted)",/api/post,/api/post,post,"{
  ""user_id"": 123,
  ""title"": ""Promoted Video Ad"",
  ""content"": ""This is a promoted video post."",
  ""media_url"": ""https://theadtip.in/videos/ad123.mp4"",
  ""media_type"": ""video"",  // or image
  ""is_promoted"": true,
  ""video_category_id"": 5,
  ""start_date"": ""2025-05-28"",
  ""end_date"": ""2025-06-01"",
  ""target_min_age"": 18,
  ""target_max_age"": 35,
  ""pay_per_view"": 0.05,
  ""reach_goal"": 10000,
  ""duration_days"": 7,
  ""total_pay"": 500.00,
  ""platform_fee"": 50.00,
  ""post_target_locations"": [""New York"", ""London"", ""Tokyo""],
  ""post_target_genders"": [""male"", ""female""]
}","{
  ""status"": true,
  ""statusCode"": 201,
  ""message"": ""Post created with promotion"",
  ""data"": {
    ""post_id"": 457,
    ""user_id"": 123,
    ""title"": ""Promoted Video Ad"",
    ""is_promoted"": true
  }
}",yes,"23.media, getdetails,follow,list_post",,
,,,,,,,,,,
,,,,,,upload TIPTUBE,,,,
,,,,,,,,,,
1,for TIPTUBE,/uploadshot,/uploadshot,post,"{
  ""name"": ""Your Shot Name"",
  ""isShot"": false,
  ""categoryId"": 1,
  ""channelId"": 1,
  ""videoLink"": ""https://example.com/video.mp4"",
  ""videoDesciption"": ""Description of the video"",
  ""createdby"": 1,
  ""play_duration"": ""00:01:30"",
  ""video_Thumbnail"": ""https://example.com/thumbnail.jpg""
}","{
    ""status"": 200,
    ""message"": ""Shot added successfully."",
    ""data"": [
        {
            ""name"": ""kushi"",
            ""isShot"": false,
            ""categoryId"": 1,
            ""channelId"": 10951,
            ""videoLink"": ""https://theadtip.in/videos/6d23a37f-0922-4f74-9334-e9d6559e083b2221559886018001592.mp4"",
            ""videoDesciption"": ""kushita"",
            ""createdby"": 50816,
            ""play_duration"": ""00:01:30"",
            ""video_Thumbnail"": ""https://theadtip.in/image/1000021359.jpg"",
            ""id"": 4676
        }
    ]
}",yes,,,
,,,,,,,,,,
,,,,,,,,,,
,,,,,,upload TIPSHOTS,,,,
,,,,,,,,,,
1,for TIPSHOTS,/uploadshot,/uploadshot,post,"{
  ""name"": ""Your Shot Name"",
  ""isShot"": true,
  ""categoryId"": 1,
  ""channelId"": 1,
  ""videoLink"": ""https://example.com/video.mp4"",
  ""videoDesciption"": ""Description of the video"",
  ""createdby"": 1,
  ""play_duration"": ""00:01:30"",
  ""video_Thumbnail"": ""https://example.com/thumbnail.jpg""
}","{
    ""status"": 200,
    ""message"": ""Shot added successfully."",
    ""data"": [
        {
            ""name"": ""kushi"",
            ""isShot"": false,
            ""categoryId"": 1,
            ""channelId"": 10951,
            ""videoLink"": ""https://theadtip.in/videos/6d23a37f-0922-4f74-9334-e9d6559e083b2221559886018001592.mp4"",
            ""videoDesciption"": ""kushita"",
            ""createdby"": 50816,
            ""play_duration"": ""00:01:30"",
            ""video_Thumbnail"": ""https://theadtip.in/image/1000021359.jpg"",
            ""id"": 4676
        }
    ]
}",yes,,,
,,,,,,,,,,
,,,,,,,,,,
,,,,,,,,,,
,,,,,,channel profile,,,,
,,,,,,,,,,
1,for getting the channel id from userid,/getchannelbyuserid/10951,/getchannelbyuserid/:userid,GET,,"{
    ""status"": 200,
    ""message"": ""Channel details fetch successfully."",
    ""data"": [
        {
            ""channelId"": 10951,
            ""channelName"": ""viv"",
            ""description"": ""good videos"",
            ""channelUrl"": ""3.6.15.198:7082/api/channel/10951"",
            ""profileImage"": ""https://theadtip.in/images/scaled_1000332629.jpg"",
            ""profileCoverImage"": ""https://theadtip.in/images/scaled_1000038437.jpg"",
            ""totalSubscribers"": 0,
            ""totalVideos"": 0,
            ""totalShorts"": 0,
            ""createdBy"": 50816,
            ""updatedBy"": 50816,
            ""createddate"": ""2025-04-11T20:36:35.000Z"",
            ""updateddate"": ""2025-05-05T06:16:42.000Z"",
            ""total_ads_display"": 0,
            ""total_ads_like"": 0,
            ""total_ads_view"": 0,
            ""total_earnings"": 0,
            ""totalReels"": 14
        }
    ]
}",YES,"10.1.channels , analytics",,
,,,,,,,,,,
,for saving the channel,/api/savemychannel,/api/savemychannel,,"{
      ""channelName"": ""My Awesome Channel"",
      ""channelDescription"": ""A channel for awesome content!"",
      ""profileImageURL"": ""http://example.com/profile.jpg"",
      ""coverImageURL"": ""http://example.com/cover.jpg"",
      ""createdBy"": 50816,
      ""updatedBy"": 50816
    }",,yes,"10.1.channels , analytics",,
,,,,,,,,,,
,for editing the chanel/updating the channel,/api/updatechanel,/api/updatechanel,,"{
  ""id"": 1,
  ""channelName"": ""Updated Channel"",
  ""channelDescription"": ""New description"",
  ""profileImageURL"": ""http://example.com/new_profile.jpg""
}",,yes,"10.1.channels , analytics",,
,,,,,,,,,,
2,analytics of channel from channel id,/analytics/:channelId,/analytics/:channelId,GET,,"{
    ""status"": true,
    ""message"": ""success"",
    ""data"": {
        ""channel_name"": ""viv"",
        ""channel_image"": ""https://theadtip.in/images/scaled_1000332629.jpg"",
        ""channel_followers"": 0,
        ""total_videos"": 0,
        ""total_paid_views"": 0,
        ""total_normal_views"": 90,
        ""total_views"": 90,
        ""paid_video_earned"": ""0.00"",
        ""withdrawn"": ""0.00"",
        ""available_balance"": ""204.79""
    }
}",YES,"10.1.channels , analytics",,
,,your tiptube channel,,,,,,,,
Home,,,,,,,,,,
1,for fetting video in home page of channel,/getpopularshort/:videoType/:userid,/getpopularshort/0/50816,GET,,,YES,"/10.1 channels , analytics",,
2,for fetting shorts in home page of channel,/getpopularshort/:videoType/:userid,/getpopularshort/1/50816,GET,,,,"10.1 channels , analytics",,
,,,,,,,,,,
videos,,,,,,,,,,
2,videos tab in channel page,/getvideobychannel/:videoType/:channelid/:userid,/getvideobychannel/0/10951/50816,GET,,,yes,"10.Reels,shorts",,
,,,,,,,,,,
,,followed channels,,,,,,,,
,,,,,,,,,,
1,get list of follwoed channels,/getlistoffollowedchannelbyuser/:userid,/getlistoffollowedchannelbyuser/50816,GET,,,,"10.1 channels , analytics",,
,,,,,,,,,,
,,notifications,,,,,,,,
,,,,,,,,,,
1,get notifications,/getsentnotification/:userid,/getsentnotification/50816,GET,,,,12.Audio,,
,,,,,,,,,,
,,,,,,,,,,
,,,,,,,,,,
,,,,,,,,,,
,,,,,,EXPLORE API for shorts and images,,,,
,,,,,,,,,,
1,for showing posts and shots in explore in app,/api/explore,/api/explore,POST,"{
  ""page"": 1,
  ""limit"": 5,
  ""loggined_user_id"": 56768
}",,YES,"29.explore,add_story,view_story",,
,,,,,,,,,,
,,,,,,CELEBRATION ADDs,,,,
,,,,,,,,,,
1,for saving celebration adds,/api/savecelebrationadds,/api/savecelebrationadds,POST,"    {
      ""campaignName"": ""Summer Celebration Ad"", // Required
      ""targetPeople"": 1000, // Required
      ""AdModelId"": 1, // Required
      ""targetArea"": ""New York"", // Required
      ""targetLowerAge"": 18, // Required
      ""targetUpperAge"": 35, // Required
      ""maritalStatus"": ""single"", // Required
      ""targetGender"": ""male"", // Required
      ""targetProfessions"": ""engineer,designer"", // Required
      ""adTotal"": 500.00, // Required
      ""Coupon"": ""SUMMER20"", // Optional
      ""AdTax"": 50.00, // Required
      ""createdby"": 50816, // Required
      ""adStartDateTime"": ""2025-06-10 00:00:00"", // Required
      ""adEndDateTime"": ""2025-06-20 23:59:59"", // Required
      ""modelTypeName"": ""video"", // Optional
      ""adFile"": ""<upload-file-1.jpg>"" // Optional
    }",,YES,09.celebration/master/business_adds..etc,,
,,,,,,,,,,
2,for fetiing celebration adds ,/getcelebrationads,/getcelebrationads,POST,"{
        ""userId"": 50819,
        ""gender"": ""Male"",
        ""age"": 30,
        ""maritalStatus"": ""Single"",
        ""targetLocation"": ""New York"",
        ""targetProfession"": ""Engineer"", // Optional
        ""limit"": 10 // Optional
      }",,YES,09.celebration/master/business_adds..etc,,
,,,,,,,,,,
3,for viewing the count of celerbation user add,/savecelebrationadview,/savecelebrationadview,POST,"    {
      ""adId"": 3,
      ""userId"": 50816
    }",,YES,09.celebration/master/business_adds..etc,,
,,,,,,,,,,
,,,,,,"presigned url for images /video (post, video , shorts)",,,,
,,,,,,,,,,
,,,,,,,,,,
1,"for generating presigned url and public url for upload image , and video to cloufare , for upload post , image video",/api/generatePresignedUrl,/api/generatePresignedUrl,,"{
  ""files"": [
    {
      ""fileName"": ""photo1.jpg"",        // Image file name (jpg, png, jpeg etc.)
      ""contentType"": ""image/jpeg""      // Content type should match the file type
    },
    {
      ""fileName"": ""video1.mp4"",        // Video file name (mp4, mkv, etc.)
      ""contentType"": ""video/mp4""       // Content type for video files
    },
    {
      ""fileName"": ""screenshot.png"",    // Another image example with png extension
      ""contentType"": ""image/png""
    },
    {
      ""fileName"": ""movie.mov"",         // Another video example with mov extension
      ""contentType"": ""video/quicktime""
    }
  ]
}",,YES,"10.reels,shorts",,
,,,,,,,,,,
,,,,,,,,,,
,,,,,,,,,,
,,,,,,add funds razorpay,,,,
,,,,,,,,,,
1,for getting the api keys from razorpay,/razorpay-details,/razorpay-details,GET,,"{
    ""status"": 200,
    ""message"": ""successfull"",
    ""api_key"": ""rzp_live_sw5524527474"",
    ""api_secret"": ""H335143413344fMy""
}",YES,22.razorpay,,
,,,,,,,,,,
2,for creating an order ,/api/razorpay-order,/api/razorpay-order,,"{""amount"":1000,""currency"":""INR"",""user_id"":50816}","status	true
data	{ amount: 100000, amount_due: 100000, amount_paid: 0, … }
amount	100000
amount_due	100000
amount_paid	0
attempts	0
created_at	1750056067
currency	""INR""
entity	""order""
id	""order_QhlvgLWWWxVBcS""
notes	[]
offer_id	null
receipt	""receipt_1750056062356_50816""
status	""created""
user_id	50816",yes,22.razorpay,,
,,,,,,,,,,
3,for payment verification,/api/razorpay-verification,/api/razorpay-verification,,"amount        1000
currency        ""INR""
order_id        ""order_QhlvgLWWWxVBcS""
payment_status        ""success""
razorpay_payment_id        ""pay_Qhlw8k9i1efrbT""
razorpay_signature        ""904a45a97eb2c9f80f552149fa622588b""
transaction_for        ""addfunds""
user_id        50816","status	true
message	""Transaction verified and created successfully.""
is_verified	true
transactionId	711",yes,22.razorpay,,
,,,,,,,,,,
4,for addinf funds in wallet,/api/addfunds,/api/addfunds,,"amount        1000
createdby        50816
isCron        false
order_id        ""order_QhlvgLWWWxVBcS""
payment_id        ""pay_Qhlw8k9i1efrbT""
transaction_type        ""Deposite""
transactionStatus        ""1""","status        200
message        ""Funds updated successfully.""
data        [ {…} ]
0        { createdby: 50816, amount: 1000, transactionStatus: ""1"", … }
createdby        50816
amount        1000
transactionStatus        ""1""
transaction_type        ""Deposite""
order_id        ""order_QhlvgLWWWxVBcS""
payment_id        ""pay_Qhlw8k9i1efrbT""
isCron        false
totalBalance        2033.83
id        418036",yes,"06.add_funds,user,master,add_funds",,
,,,,,,,,,,
,,,,,,,,,,
,,,,,,user-premium razorpay,,,,
,,,,,,,,,,
1,for getting the api keys from razorpay,/razorpay-details,/razorpay-details,GET,,"{
    ""status"": 200,
    ""message"": ""successfull"",
    ""api_key"": ""rzp_live_sw5524527474"",
    ""api_secret"": ""H335143413344fMy""
}",,,,
,,,,,,,,,,
2,for creating an order ,/api/razorpay-order,/api/razorpay-order,POST,"amount	1200
currency	""INR""
user_id	50816","status	true
data	{ amount: 120000, amount_due: 120000, amount_paid: 0, … }
amount	120000
amount_due	120000
amount_paid	0
attempts	0
created_at	1750058791
currency	""INR""
entity	""order""
id	""order_QhmheGyMI8qofc""
notes	[]
offer_id	null
receipt	""receipt_1750058787947_50816""
status	""created""
user_id	50816",yes,,,
,,,,,,,,,,
3,for payment verification,/api/razorpay-verification,/api/razorpay-verification,POST,"amount        1200
currency        ""INR""
order_id        ""order_QhmheGyMI8qofc""
payment_status        ""success""
plan_id        2
razorpay_payment_id        ""pay_QhmhwRxbMuKy4W""
razorpay_signature        ""9413cdf0ab2b18943f36bc31a22b1cc326c3c10f8be44e79ddb7ab4fd2896aa1""
transaction_for        ""upgrade_premium""
user_id        50816","status	true
message	""Transaction verified and created successfully.""
is_verified	true
transactionId	712",yes,,,
,,,,,,,,,,
4,for upgrading to user-premium,/api/upgrade-premium,/api/upgrade-premium,POST,"coupon_code        null
isCron        false
order_id        ""order_QhmheGyMI8qofc""
payment_id        ""pay_QhmhwRxbMuKy4W""
payment_status        ""success""
plan_id        2
user_id        50816","{
    ""status"": true,
    ""message"": ""Premium plan queued successfully""
}",,,,
,,,,,,,,,,
,,,,,,,,,,
,,,,,,content premium plan razorpay,,,,
,,,,,,,,,,
1,for getting the api keys from razorpay,/razorpay-details,/razorpay-details,GET,,"{
    ""status"": 200,
    ""message"": ""successfull"",
    ""api_key"": ""rzp_live_sw5524527474"",
    ""api_secret"": ""H335143413344fMy""
}",,,,
,,,,,,,,,,
2,for creating an order ,/api/razorpay-order,/api/razorpay-order,POST,"amount	1200
currency	""INR""
user_id	50816","status	true
data	{ amount: 120000, amount_due: 120000, amount_paid: 0, … }
amount	120000
amount_due	120000
amount_paid	0
attempts	0
created_at	1750058791
currency	""INR""
entity	""order""
id	""order_QhmheGyMI8qofc""
notes	[]
offer_id	null
receipt	""receipt_1750058787947_50816""
status	""created""
user_id	50816",yes,,,
,,,,,,,,,,
3,for payment verification,/api/razorpay-verification,/api/razorpay-verification,POST,"amount        1200
currency        ""INR""
order_id        ""order_QhmheGyMI8qofc""
payment_status        ""success""
plan_id        2
razorpay_payment_id        ""pay_QhmhwRxbMuKy4W""
razorpay_signature        ""9413cdf0ab2b18943f36bc31a22b1cc326c3c10f8be44e79ddb7ab4fd2896aa1""
transaction_for        ""content_creator_premium""
user_id        50816","status	true
message	""Transaction verified and created successfully.""
is_verified	true
transactionId	712",yes,,,
,,,,,,,,,,
4,for upgrading content premium plans,api/upgrade-content-premium,api/upgrade-content-premium,POST,"{
    ""payment_status"": ""success"",
    ""user_id"": 50816,
    ""plan_id"": 1,
    ""order_id"": ""ORD123"",
    ""payment_id"": ""PAY123"",
    ""coupon_code"": null,
    ""isCron"": false

}","{
    ""status"": true,
    ""message"": ""content premium actiavted succesfuly y""
}",,,,